module,TF_a,TF_b,shap_interaction
M14,IKZF1,BHLHA15,1.1779789924621582
M14,IKZF1,IRF4,1.152483582496643
M13,NR1I3,ATF5,1.1076021194458008
M1,TWIST2,TCF7L1,1.0718282461166382
M18,NFE2L1,ZNF740,0.9241352081298828
M14,IRF4,BHLHA15,0.8639314770698547
M1,SKI,TCF7L1,0.8377421498298645
M6,GRHL2,ELF3,0.8311470746994019
M12,ZBTB47,CASZ1,0.811150074005127
M6,GRHL2,OVOL2,0.8054754137992859
M11,ERG,FLI1,0.7975512742996216
M10,IKZF1,SPI1,0.7857497334480286
M1,TCF7L1,GLI3,0.7692338824272156
M6,GRHL2,IRF6,0.739142656326294
M10,IKZF1,SOX9,0.6932495832443237
M6,GRHL2,FOXA1,0.6764235496520996
M14,IKZF3,IRF4,0.6739095449447632
M6,GRHL2,EHF,0.6457738280296326
M22,GRHL1,SOX15,0.6379637718200684
M1,TCF7L1,ZNF25,0.6303719878196716
M8,FOXM1,E2F2,0.6205857992172241
M12,ZBTB47,PBX4,0.5775870680809021
M6,GRHL2,KLF5,0.570610761642456
M5,PLAGL1,ZNF90,0.5539254546165466
M22,GRHL1,TFAP2A,0.5151621103286743
M9,ST18,MYT1,0.498106837272644
M8,FOXM1,MYBL2,0.4907939434051513
M10,IKZF1,LYL1,0.484283447265625
M12,ZBTB47,ZNF532,0.4692725837230682
M12,ZBTB47,ZEB1,0.457415223121643
M23,NR5A2,BHLHA15,0.4512491524219513
M5,ZNF90,CREB3L2,0.4271831214427948
M19,ZNF536,SOX2,0.4188949167728424
M21,HNF4A,NR1H4,0.4127363860607147
M19,SOX8,CASZ1,0.4040648341178894
M11,ERG,TAL1,0.3999212682247162
M25,PPARG,CEBPA,0.3865932524204254
M12,PBX4,CASZ1,0.3778128325939178
M2,ZFP30,ZFP28,0.3744772672653198
M7,ZNF609,MGA,0.3737976849079132
M9,MYT1,ZFHX2,0.3669490814208984
M4,ZNF667,ZNF599,0.3606333136558532
M1,TCF7L1,GLI2,0.3337681889533996
M14,IKZF1,IKZF3,0.332372784614563
M14,IKZF3,BHLHA15,0.331954151391983
M19,SOX8,ZNF536,0.3226420879364013
M3,ZNF76,ZNF789,0.321379691362381
M9,ST18,ZFHX2,0.3056486248970032
M1,TWIST2,ZNF25,0.3054707646369934
M14,NKX2-3,IRF4,0.3054702281951904
M22,GRHL1,E2F2,0.3041415214538574
M1,ZNF471,TWIST2,0.3033981025218963
M6,GRHL2,FOXA2,0.3027424216270447
M15,STAT6,SP110,0.3022271692752838
M9,HOXB3,MYT1,0.3003767728805542
M1,TCF7L1,OVOL2,0.2985097169876098
M1,NFATC4,TCF7L1,0.2984191179275512
M19,SOX8,SOX2,0.2962187826633453
M12,ZEB1,CASZ1,0.2951132655143738
M22,TFAP2A,TP63,0.28998664021492
M18,NFE2L1,HOXA7,0.2834577262401581
M2,ZNF512,ZFP30,0.2828361392021179
M9,PAX6,MYT1,0.2797372341156006
M12,ZBTB47,MITF,0.2788971662521362
M6,GRHL2,ZNF675,0.2749146521091461
M11,SOX18,ERG,0.2744521796703338
M17,NFE2L1,ESRRA,0.271955668926239
M11,ERG,SOX17,0.2706643939018249
M21,HNF1A,HNF4A,0.2648395597934723
M15,STAT6,ELF4,0.2634089887142181
M1,NFATC4,TWIST2,0.2632802128791809
M1,ZNF471,TCF7L1,0.2625418603420257
M6,GRHL2,SALL4,0.2558852732181549
M4,ZNF667,ZNF135,0.2537494897842407
M3,CRAMP1,ZNF789,0.2526582777500152
M1,TCF7L1,PEG3,0.2524848878383636
M14,NKX2-3,FOXA1,0.2508338987827301
M9,ZNF382,ST18,0.2501389384269714
M25,PPARG,MLXIPL,0.2474602907896042
M1,TWIST2,ZNF426,0.2459400743246078
M18,NFE2L1,ESRRA,0.245656743645668
M8,FOXM1,ZNF367,0.2428226470947265
M9,PAX6,ZFHX2,0.2416003197431564
M10,IKZF1,SP110,0.2402960956096649
M14,IKZF1,FOXA1,0.2388552129268646
M15,STAT6,SPI1,0.2376555502414703
M8,FOXM1,E2F7,0.2376012355089187
M16,CREB3L2,HNF1B,0.2362133860588073
M1,SKI,ZNF25,0.2324888557195663
M18,ETV2,NFE2L1,0.230972334742546
M6,GRHL2,OVOL1,0.2307449132204055
M5,ZNF90,KLF3,0.2305845320224762
M13,MLXIPL,HNF1B,0.2296751141548156
M22,GRHL1,HES2,0.2282206118106842
M11,ERG,EPAS1,0.2255434244871139
M14,IKZF1,ZNF552,0.2255115658044815
M3,ZNF133,ZNF76,0.2242887169122696
M1,TWIST2,GLI2,0.2205888032913208
M3,POGZ,ZNF789,0.2203177660703659
M26,TBX19,ZBTB42,0.2199775129556656
M1,TWIST2,GLI3,0.2195040881633758
M11,SOX18,SOX17,0.2182718217372894
M9,ST18,ZNF667,0.217946708202362
M14,IKZF1,NKX2-3,0.2168484330177307
M25,CEBPA,TBX15,0.2137803137302398
M21,HNF4A,PPARA,0.2137310653924942
M15,SP110,ELF4,0.2136795669794082
M14,IKZF3,FOXA1,0.2132343649864196
M19,SOX8,NPAS3,0.2120365649461746
M1,NFATC4,ATF7,0.2115042060613632
M10,TBX21,SPI1,0.2107883989810943
M5,ZNF90,ELF1,0.2106095552444458
M14,NKX2-3,BHLHA15,0.2087035030126571
M6,GRHL2,BBX,0.2086634486913681
M8,E2F2,E2F7,0.2086453288793563
M10,IKZF1,SNAI3,0.2073838263750076
M11,FLI1,EPAS1,0.2071697562932968
M13,MLXIPL,NR1H4,0.2040195316076278
M17,NFE2L1,TBX19,0.2036165297031402
M6,GRHL2,MZF1,0.2031488269567489
M12,OVOL2,CASZ1,0.2011879980564117
M13,NR1I3,NR1H4,0.1990564316511154
M21,HNF4A,OVOL1,0.1984838992357254
M16,ADNP2,CREB3L2,0.1947317868471145
M8,FOXM1,CEBPA,0.1925981193780899
M25,PPARG,TBX15,0.1912522166967392
M12,ZEB1,PBX4,0.1910149902105331
M1,GLI3,GLI2,0.1909955441951751
M1,GLI2,PEG3,0.1900110244750976
M6,GRHL2,NKX2-3,0.1893087178468704
M5,ZNF765,ZNF90,0.1881745755672454
M21,HNF1A,NR1H4,0.1878418028354644
M1,SKI,OVOL2,0.1841973513364792
M12,ZBTB47,NFATC4,0.1840104907751083
M9,PAX6,ST18,0.1814283430576324
M18,ZBTB47,ESRRA,0.1805634498596191
M2,ZNF512,ZFP28,0.1779662519693374
M18,ZNF740,ESRRA,0.1778277456760406
M3,CRAMP1,ZNF140,0.1775544881820678
M18,HOXA7,ESRRA,0.1764623969793319
M2,ZFP28,ZNF286A,0.1733718663454055
M5,PLAGL1,KLF3,0.1732134670019149
M10,SPI1,SP140,0.1729263365268707
M22,GRHL1,TP63,0.1708258390426635
M20,LYL1,TBX3,0.1695540398359298
M2,ZFP30,ZNF347,0.1683349758386612
M3,CRAMP1,ZNF76,0.1670571118593216
M3,ZNF133,ZNF789,0.1666224300861358
M3,POGZ,ZNF76,0.1665111929178238
M15,STAT6,FLI1,0.1663486808538437
M22,TFAP2A,KLF5,0.165921002626419
M15,SP110,FLI1,0.1650435626506805
M18,HOXA7,CASZ1,0.1648211479187011
M2,ZFP30,ZNF146,0.1642343550920486
M3,ZNF133,POGZ,0.1632695645093917
M16,CREB3L2,SIX4,0.1625670790672302
M1,SKI,NFATC4,0.1612600684165954
M14,SPDEF,AR,0.1604561656713485
M20,LYL1,ZBTB48,0.1601197868585586
M7,ZNF609,ZNF343,0.1599598973989486
M3,ZNF76,ZNF783,0.1593876332044601
M2,ZFP90,IKZF4,0.1587160378694534
M19,ZNF536,SOX10,0.1586645990610122
M24,HOXA7,HOXD4,0.1586641818284988
M1,NFATC4,GLI2,0.1580015867948532
M2,ZFP90,ZNF471,0.1577417552471161
M25,CEBPA,MLXIPL,0.1574784517288208
M1,TWIST2,OVOL2,0.1570269465446472
M12,MITF,OVOL2,0.1569396257400512
M5,ZNF525,ZNF90,0.1566893309354782
M2,ZFP30,ZNF471,0.1558352261781692
M14,IRF4,FOXA1,0.1554986983537674
M6,ELF3,FOXA2,0.1550919413566589
M18,MITF,ZNF740,0.1547835767269134
M4,ZNF433,ZNF20,0.154021605849266
M15,ELF4,SPI1,0.153858944773674
M6,FOXA1,ELF3,0.1531791388988495
M19,GATA5,ZNF536,0.152629941701889
M26,TBX19,REL,0.1525634229183197
M1,NFATC4,GLI3,0.1516089290380478
M2,ZFP28,ZNF568,0.1513307839632034
M2,ZNF512,IKZF4,0.1509832143783569
M12,ZEB1,MITF,0.149391233921051
M12,ZBTB47,OVOL2,0.1492556929588318
M23,NR5A2,FOXA1,0.1491174846887588
M8,E2F2,MYBL2,0.1486690193414688
M1,GLI3,ZNF25,0.1482616364955902
M15,SPI1,FLI1,0.1481238901615142
M22,GRHL1,KLF5,0.1467549055814743
M12,ZNF532,ZNF462,0.1459208726882934
M1,TWIST2,TBX3,0.1454215496778488
M1,GLI3,PEG3,0.1446188688278198
M9,MYT1,SALL2,0.1417998075485229
M1,TWIST2,ATF7,0.1416749358177185
M5,ZNF90,ELK4,0.1406823396682739
M11,TAL1,EPAS1,0.1404484510421753
M14,ZNF552,IKZF3,0.1403338015079498
M10,IKZF1,TBX21,0.1400368064641952
M25,PPARG,EBF2,0.1395508795976638
M20,SP140,PPARA,0.1385906487703323
M9,ST18,ZNF280B,0.1383410394191742
M1,GLI2,OVOL2,0.1383233964443206
M1,SKI,GLI3,0.1376982778310775
M1,NFATC4,PEG3,0.1374333351850509
M15,ELF4,CREB3L2,0.1371880620718002
M12,MITF,PBX4,0.1369026154279709
M9,MYT1,ZNF821,0.1368972361087799
M6,FOXA1,FOXA2,0.1366589665412902
M24,HOXA10,HOXA3,0.1361552476882934
M14,IKZF1,SPDEF,0.1354612410068512
M1,ZNF471,GLI2,0.134889155626297
M3,ZNF789,ZNF785,0.1347166895866394
M11,FLI1,TAL1,0.13462695479393
M10,IKZF1,NTN1,0.1339252442121505
M14,NKX2-3,ZNF552,0.1336773037910461
M11,ERG,PKNOX2,0.1334190517663955
M12,ZBTB47,GLI2,0.1332295686006546
M14,NKX2-3,IKZF3,0.1329822987318039
M13,ATF5,NR1H4,0.1327954083681106
M26,TBX19,ZNF395,0.1322306096553802
M22,GRHL1,IRF6,0.1315215229988098
M19,CASZ1,ZNF536,0.1313907951116562
M6,FOXA1,ZNF675,0.1311574876308441
M26,TBX19,BACH1,0.1308962553739547
M5,ZNF90,ZNF286A,0.1302062571048736
M3,ZNF133,DMTF1,0.1300458312034607
M2,ZFP30,ZNF568,0.1286988705396652
M11,SOX18,TAL1,0.1282325237989425
M25,EBF2,TBX15,0.1279682964086532
M22,SOX15,E2F2,0.1277461647987365
M10,SPI1,IKZF3,0.1272819638252258
M11,SOX18,FLI1,0.1270873248577118
M8,E2F2,ZNF675,0.1269320249557495
M3,ZNF76,ZNF607,0.1268809586763382
M3,CRAMP1,ZNF785,0.1254728734493255
M15,SP110,SPI1,0.1253692209720611
M16,CREB3L2,ZNF195,0.1253275722265243
M21,HNF4A,LBX2,0.1249863877892494
M6,OVOL1,KLF5,0.1246926411986351
M2,ZFP28,IKZF4,0.1240353509783744
M4,ZNF433,ZSCAN5A,0.1239906772971153
M2,ZFP30,ZNF664,0.1237968802452087
M7,ZNF426,MGA,0.123035229742527
M15,STAT6,SP100,0.1230051442980766
M15,ELF4,SP100,0.1227840036153793
M5,ZNF90,ZNF140,0.1221167966723442
M18,NFE2L1,ZBTB5,0.1215438172221183
M14,EBF4,IRF4,0.1211845800280571
M1,TCF7L1,ZNF462,0.1211806237697601
M6,FOXA1,KLF5,0.119619995355606
M6,EHF,IRF6,0.1194301545619964
M1,ZNF462,PEG3,0.1193098276853561
M12,ZBTB47,NFIX,0.1192660257220268
M20,LYL1,CREB3L2,0.1181881353259086
M1,TCF7L1,TBX3,0.1178254857659339
M20,SP140,PBX2,0.1177753359079361
M12,ZNF532,MITF,0.1169098168611526
M6,FOXA1,SALL4,0.1168777868151664
M16,ADNP2,ZNF57,0.1168492063879966
M1,NFATC4,ZNF462,0.1166757941246032
M11,SOX18,PGR,0.1162829473614692
M2,ZFP28,POGZ,0.115773469209671
M25,TBX15,MLXIPL,0.1157141774892807
M7,ZNF609,ZNF426,0.1156227812170982
M22,TFAP2A,HES2,0.1155522540211677
M2,ZNF347,ZNF286A,0.1155371963977813
M1,SKI,GLI2,0.115267664194107
M2,ZFP28,ZNF471,0.1152269393205642
M18,NFE2L1,ZBTB47,0.1150013655424118
M3,ZNF789,ZNF783,0.1146678999066352
M10,IKZF1,SP140,0.1145203784108161
M14,IKZF3,SP140L,0.1143053025007247
M26,TBX19,ZNF286A,0.1139418184757232
M26,MEF2B,ZBTB42,0.113829031586647
M2,ZFP30,POGZ,0.1136231645941734
M10,IKZF1,IKZF3,0.1131095886230468
M22,TP63,HES2,0.1127336770296096
M9,PAX6,SALL2,0.1122931465506553
M11,ERG,ZNF366,0.1119526699185371
M23,BHLHA15,HNF1A,0.1115772798657417
M4,ZNF280B,ZNF135,0.1115725263953208
M10,IKZF1,IRF8,0.111127994954586
M4,ZNF546,NR6A1,0.1111159771680831
M19,SOX10,FOXD3,0.1107485219836235
M23,PAX6,HNF1A,0.1107205003499984
M26,PRDM5,NR2F2,0.1106250882148742
M27,TFEC,TFE3,0.1105014681816101
M1,ZNF471,NFATC4,0.110477402806282
M14,ZNF280B,IRF4,0.1103626787662506
M8,FOXM1,ZNF675,0.1102380827069282
M11,SOX17,FLI1,0.1102306544780731
M15,STAT6,NFKB1,0.1099731475114822
M1,SKI,PEG3,0.1099509075284004
M1,TCF7L1,ZNF426,0.1098400056362152
M1,ZNF25,PEG3,0.1098165065050125
M14,IKZF1,RUNX3,0.1089672446250915
M1,SKI,TWIST2,0.1084822639822959
M6,NKX2-3,KLF5,0.1083728820085525
M20,LYL1,SP140,0.1082033738493919
M27,SP100,TFE3,0.1079342663288116
M18,NFE2L1,HSF2,0.1071900725364685
M6,OVOL1,ELF3,0.1066730692982673
M4,ZNF135,ZNF177,0.10664963722229
M9,PAX6,ZNF667,0.1064528822898864
M11,ZNF366,EPAS1,0.105270117521286
M12,NFATC4,PBX4,0.1051727384328842
M15,SPI1,IRF2,0.1048956662416458
M11,ZNF366,SOX17,0.1044306382536888
M2,ZNF568,POGZ,0.1036963909864425
M6,OVOL2,ELF3,0.1035536676645279
M21,PPARA,NR1H4,0.1031695306301117
M4,ZNF135,ZNF709,0.1030602678656578
M16,CREB3L2,ZNF609,0.1029977723956108
M24,HOXA7,HOXD10,0.1028896495699882
M14,BHLHA15,SP140L,0.1026854440569877
M8,FOXM1,ZNF101,0.1023833155632019
M20,PBX2,ZBTB48,0.1021713837981224
M4,ZNF177,ZNF599,0.1018139868974685
M20,ZBTB48,CRAMP1,0.1018101871013641
M12,ZBTB47,ZNF462,0.10148186981678
M7,TCF12,MGA,0.1014743819832801
M9,MYT1,CSRNP2,0.1009062826633453
M23,BHLHA15,PAX6,0.1008188351988792
M14,BHLHA15,FOXA1,0.1005742251873016
M6,EHF,NKX2-3,0.1005706340074539
M2,ZFP28,ZNF347,0.1002859473228454
M1,ATF7,OVOL2,0.1002833768725395
M3,DMTF1,ZNF789,0.100022055208683
M16,ADNP2,ZKSCAN1,0.0998127907514572
M16,ZNF700,ADNP2,0.0996018350124359
M26,MEF2B,IKZF2,0.0993696749210357
M6,IRF6,FOXA2,0.0990866869688034
M5,ZNF286A,ZNF140,0.0987596437335014
M18,HOXA7,ZBTB47,0.0986924618482589
M1,ZNF462,GLI2,0.0984635800123214
M4,ZSCAN5A,ZNF135,0.0979575365781784
M8,FOXM1,ETS2,0.0976335108280181
M12,ZEB1,OVOL2,0.0973787009716034
M16,CREB3L2,ZKSCAN1,0.0973657891154289
M14,IKZF3,ZNF583,0.0973080843687057
M26,PRDM5,IKZF2,0.096689186990261
M18,ZNF740,CASZ1,0.0966367349028587
M1,TWIST2,PEG3,0.0962820500135421
M16,ZNF195,SIX4,0.0962084382772445
M4,ZSCAN5A,ZNF20,0.0961287319660186
M4,ZSCAN5A,ZNF667,0.0960764586925506
M26,TBX19,PRDM5,0.0957769080996513
M2,ZNF471,POGZ,0.0954313278198242
M27,TFE3,ZNF10,0.0953369364142417
M12,MITF,CASZ1,0.0950207710266113
M6,OVOL2,BBX,0.0949444770812988
M7,ZNF343,MGA,0.0948091819882392
M18,NFE2L1,CASZ1,0.0943845361471176
M14,ZKSCAN2,IRF4,0.0941987112164497
M6,ELF3,KLF5,0.0940987020730972
M2,ZFP30,ZNF37A,0.0938836187124252
M9,MYT1,ZNF280B,0.0937885195016861
M6,IRF6,KLF5,0.0937250033020973
M1,ATF7,GLI2,0.093471959233284
M1,NFATC4,ZNF25,0.0933792144060134
M1,TCF7L1,ATF7,0.0932378768920898
M26,TBX19,IKZF2,0.0931788757443428
M20,SP140,ZNF506,0.0930780917406082
M13,HHEX,NR1H4,0.0916128605604171
M4,ZSCAN5A,ZNF177,0.0903024971485138
M13,ZNF580,HNF1B,0.089486576616764
M9,ZNF525,ZFHX2,0.0892080515623092
M18,HOXA7,HSF2,0.0891214162111282
M1,SKI,ATF7,0.0891013815999031
M19,SOX8,FOXD3,0.0889767631888389
M14,IKZF1,AR,0.0887748822569847
M3,DMTF1,ZNF76,0.0883197858929634
M5,GLI3,ELF1,0.0882937684655189
M2,IKZF4,POGZ,0.0878035426139831
M13,PROX1,HNF1B,0.0877952501177787
M1,TCF7L1,FOXO1,0.0877304673194885
M15,SPI1,SP100,0.0875938609242439
M6,ELF3,IRF6,0.0875352397561073
M5,ZNF90,ZBTB5,0.0869342610239982
M18,NFE2L1,POU2F2,0.0867224037647247
M5,ZNF90,GLI3,0.08660289645195
M24,HOXA7,HOXA10,0.0865315943956375
M3,ZNF133,ZNF140,0.0863273590803146
M8,E2F7,MYBL2,0.0861907750368118
M11,ZNF366,TAL1,0.0860444828867912
M2,ZFP90,ZNF512,0.085232488811016
M4,ZNF546,ZNF667,0.0851977318525314
M4,NR6A1,ZNF135,0.0851768851280212
M1,TWIST2,FOXO1,0.0849437341094017
M14,SPDEF,IRF4,0.0844589620828628
M20,SP140,ZBTB48,0.0844576135277748
M18,ETV2,HOXA7,0.0843485370278358
M24,HOXA10,HOXD4,0.0842067822813987
M25,PPARG,IRX6,0.0838083326816558
M14,RUNX3,FOXA1,0.0836493968963623
M1,TBX3,GLI2,0.0836025774478912
M14,ZNF552,IRF4,0.0835797488689422
M16,ZNF195,ZKSCAN1,0.0832661464810371
M4,ZNF667,ZFP28,0.0832366496324539
M11,SOX18,ETS1,0.0829967856407165
M12,GRHL2,CASZ1,0.0829738825559616
M22,TP63,TFAP2C,0.082610934972763
M26,TBX19,ZBTB7C,0.0824640542268753
M1,GLI3,OVOL2,0.0824612155556678
M20,LYL1,CRAMP1,0.0822349935770034
M11,SOX17,TAL1,0.0819630846381187
M17,ESRRA,NR1H4,0.0815871059894561
M9,PAX6,ZNF280B,0.0815828070044517
M4,ZNF667,ZNF665,0.0814980715513229
M12,NFATC4,CASZ1,0.0813711285591125
M27,TFEC,ZNF248,0.0813513398170471
M21,HNF4A,HNF4G,0.0813417062163353
M22,SOX15,HES2,0.0812904238700866
M16,CREB3L2,ZFHX3,0.0803443491458892
M18,NFE2L1,ZNF165,0.0795368626713752
M5,ZNF90,IRF3,0.0794902294874191
M20,LYL1,ZKSCAN4,0.0792572200298309
M18,IRF3,NFE2L1,0.0791056677699089
M27,SPI1,STAT6,0.0790395960211753
M5,PLAGL1,ELK4,0.0790023282170295
M21,OVOL1,FOXA1,0.078984722495079
M13,NR1I3,HNF1B,0.0787872821092605
M1,ATF7,PEG3,0.0787728354334831
M7,ZNF343,ZNF426,0.0787726938724517
M5,PLAGL1,ZBTB5,0.0787183567881584
M1,NFATC4,TBX3,0.0786658301949501
M10,IKZF1,TFEB,0.0784591734409332
M9,HOXB3,SALL2,0.0784098282456398
M18,HOXA7,ZNF740,0.0783148109912872
M25,EBF2,CEBPA,0.0779681429266929
M17,FOXH1,ESRRA,0.0775017812848091
M18,NFE2L1,MITF,0.0773922204971313
M7,ZNF829,ZNF609,0.0773358419537544
M1,ZNF25,OVOL2,0.0773335322737693
M19,SOX8,SOX10,0.0772467926144599
M10,SPI1,SNAI3,0.0772081613540649
M4,ZNF433,ZNF280B,0.0771997570991516
M21,HNF1A,PPARA,0.0771961361169815
M9,ST18,HOXB3,0.0770333260297775
M3,ZNF133,ZNF525,0.0768216550350189
M8,E2F2,ZNF322,0.0768028795719146
M5,GLI3,ZNF140,0.0767746567726135
M27,SPI1,TFE3,0.0766510739922523
M13,HHEX,MLXIPL,0.0764489993453025
M7,TCF12,ZNF609,0.0761823430657386
M11,SOX18,ZNF366,0.0760758519172668
M9,PAX6,ZNF821,0.0760134309530258
M19,ZNF536,NPAS3,0.0758589282631874
M6,ELF3,EHF,0.075415126979351
M2,ZFP30,IKZF4,0.0747092068195343
M5,ZNF765,ZBTB5,0.0746981129050254
M2,ZNF512,ZNF471,0.0745084509253501
M2,ZNF568,IKZF4,0.0744479000568389
M16,ZNF700,CREB3L2,0.0742764398455619
M23,BHLHA15,NR1H4,0.074108250439167
M9,ST18,HOXD3,0.0738661885261535
M14,IKZF1,SP140L,0.073787972331047
M4,ZNF280B,ZNF667,0.0735717713832855
M19,SOX2,NPAS3,0.0734894126653671
M27,SPI1,TFEC,0.0734030604362487
M12,NFIX,ZNF532,0.0729508996009826
M13,ZNF738,HNF1B,0.0729242265224456
M24,HOXA7,HOXA3,0.0727505087852478
M19,GRHL2,SOX2,0.0726401731371879
M4,ZNF667,ZNF177,0.0726151317358017
M6,ELF3,NKX2-3,0.0726064145565033
M21,HNF4A,FOXA1,0.0725019723176956
M1,GLI3,TBX3,0.0723673030734062
M1,ZNF462,ATF7,0.0719943046569824
M1,ZNF471,GLI3,0.0718792304396629
M1,GLI3,ZNF426,0.0716229751706123
M12,NFIX,MITF,0.071586288511753
M19,SOX2,ZNF382,0.0715577602386474
M26,TBX19,ZNF540,0.0714515894651413
M4,ZNF546,ZSCAN5A,0.0713924393057823
M24,HOXA6,HOXD9,0.0712501108646392
M26,TBX19,ZSCAN31,0.0712012201547622
M1,NFATC4,OVOL2,0.0711904317140579
M6,OVOL2,KLF5,0.0708914920687675
M24,HOXA3,HOXD4,0.0707397535443306
M12,ZBTB47,MEIS3,0.0706379637122154
M20,ZBTB48,TBX3,0.0705278292298317
M9,MYT1,ZNF525,0.0704447627067565
M8,MYBL2,ZNF675,0.0703276991844177
M17,TFAP2E,NR1H4,0.0703000426292419
M1,GLI2,ZNF426,0.0702760070562362
M4,ZNF667,ZNF709,0.0701983124017715
M2,ZNF512,ZNF286A,0.07013750821352
M12,ZNF532,GLI2,0.0700727179646492
M18,HSF2,ZNF740,0.0700599923729896
M16,ZNF609,SIX4,0.0695977061986923
M2,ZNF568,ZNF664,0.069262683391571
M2,ZFP30,ZNF660,0.0690807551145553
M22,GRHL1,RARG,0.0689924582839012
M26,PRDM5,ZNF540,0.0688153430819511
M4,ZNF135,ZNF665,0.0687107443809509
M12,ZNF532,ZEB1,0.068658247590065
M22,GRHL1,KLF4,0.0686268657445907
M14,IKZF3,ZNF280B,0.068413533270359
M6,OVOL1,IRF6,0.0683363229036331
M14,EBF4,RUNX3,0.0682826414704322
M8,E2F7,ZNF101,0.0682739615440368
M21,HNF1A,OVOL1,0.0681268274784088
M17,ESRRA,TBX19,0.0679355785250663
M1,GLI3,ZNF462,0.067779816687107
M18,CASZ1,ZBTB47,0.0677698627114296
M11,ERG,EBF3,0.0677605792880058
M26,IKZF2,ZBTB7C,0.0676101818680763
M9,MYT1,ZBTB9,0.0673864632844924
M18,HOXA7,ZNF430,0.0673588812351226
M14,ZNF552,AR,0.0668484717607498
M9,ZNF525,ZNF280B,0.0668068900704383
M2,ZFP90,ZFP28,0.0668039098381996
M1,TBX3,OVOL2,0.0667118281126022
M18,ZNF740,ZNF165,0.0665344968438148
M16,ZNF700,ZNF195,0.0665123760700225
M5,PLAGL1,CREBZF,0.0664142817258834
M24,HOXA7,HOXD11,0.0663085952401161
M27,SP100,ZNF248,0.0659524500370025
M24,HOXA6,HOXD4,0.0658672749996185
M24,HOXA7,HOXD3,0.0658130496740341
M26,MEF2B,PRDM5,0.065745823085308
M13,ZNF738,NR1H4,0.0656600296497345
M22,RARG,HES2,0.0656505152583122
M5,CREBZF,ZNF90,0.0656029880046844
M25,PPARG,STAT5A,0.06547112762928
M5,ZNF765,GLI3,0.0653569474816322
M20,LYL1,SMAD3,0.0650194957852363
M16,ADNP2,ZNF195,0.0649541690945625
M4,ZSCAN5A,ZNF599,0.0647501796483993
M1,SKI,TBX3,0.0644590035080909
M6,OVOL2,IRF6,0.0643484219908714
M13,NR1I3,MLXIPL,0.0643475428223609
M9,MYT1,HOXD3,0.0642082244157791
M24,HOXA7,HOXA4,0.0640833973884582
M3,ZNF133,ZNF891,0.0638360306620597
M10,TBX21,IRF8,0.0637529641389846
M6,IRF6,NKX2-3,0.0637381374835968
M12,ZNF532,CASZ1,0.0637291744351387
M26,MEF2B,NR2F2,0.0636962875723838
M10,SPI1,IRF8,0.0636166855692863
M5,PLAGL1,ZNF286A,0.0636138990521431
M27,SOX15,TFE3,0.0635880231857299
M19,SOX2,PURG,0.0634560361504554
M9,ZNF382,MYT1,0.0634031221270561
M13,NR1H4,MEIS1,0.0633947923779487
M3,CRAMP1,POGZ,0.0633797794580459
M11,SOX18,EPAS1,0.063145563006401
M21,OVOL1,NR1H4,0.0631273910403251
M25,EBF3,PPARG,0.0631119906902313
M18,ETV2,POU2F2,0.0630844309926033
M3,ZNF133,ZNF785,0.0630387663841247
M15,ELF4,FLI1,0.0629695951938629
M24,HOXA7,HOXA6,0.0628760680556297
M6,ELF3,BBX,0.0628361254930496
M14,IKZF3,RUNX3,0.06282639503479
M23,BHLHA15,MEIS1,0.0626997426152229
M22,TFAP2A,E2F2,0.0626914799213409
M25,MLXIPL,FOXJ1,0.0625008344650268
M14,SPDEF,BHLHA15,0.0624399036169052
M13,ZNF580,NR1H4,0.0624373778700828
M24,HOXA9,HOXD4,0.0623931549489498
M17,TFAP2E,TBX19,0.0622681267559528
M23,BHLHA15,FOXA2,0.0622224509716033
M3,POGZ,ZNF140,0.0619807094335556
M18,HSF2,ZBTB5,0.0619778595864772
M4,ZNF135,ZNF599,0.0616467557847499
M8,MRTFA,ZNF675,0.0614928342401981
M27,SP100,TFEC,0.061461467295885
M13,NR1I3,PROX1,0.06143020093441
M23,BHLHA15,PPARG,0.0614077560603618
M16,ADNP2,SIX4,0.0613098256289958
M19,ZNF536,PURG,0.0612330734729766
M15,ELF4,NFKB1,0.0611469857394695
M5,PLAGL1,ELF1,0.0611406341195106
M19,ZNF536,FOXD3,0.0609610714018344
M25,TCF15,PPARG,0.0607901103794574
M12,NFATC4,ZEB1,0.060768574476242
M27,TFE3,ZNF248,0.060758501291275
M3,CRAMP1,DMTF1,0.0604833550751209
M1,GLI3,ATF7,0.0604466311633586
M8,MYBL2,ZNF367,0.0601898916065692
M3,POGZ,ZNF785,0.060110617429018
M8,E2F7,ZNF430,0.0596645735204219
M17,CLOCK,NFE2L1,0.0596551857888698
M5,ZNF765,ELF1,0.0596410930156707
M26,TBX19,MEF2B,0.0596223436295986
M1,PEG3,OVOL2,0.0595437139272689
M3,ZNF76,ZNF506,0.0594697445631027
M9,ZNF525,SALL2,0.0594446882605552
M24,HOXD4,HOXA4,0.0593797490000724
M13,HHEX,ZNF580,0.0593419559299945
M10,TBX21,SP140,0.0592561475932598
M5,PLAGL1,GLI3,0.0591098181903362
M3,POGZ,ZNF783,0.0590495690703392
M19,SOX2,SOX10,0.0590156093239784
M6,ELF3,MZF1,0.0590005218982696
M1,NFATC4,FOXO1,0.058987196534872
M3,CRAMP1,ZNF875,0.0588976331055164
M3,ZNF789,ZNF506,0.0588912852108478
M5,ELF1,ZNF140,0.0586969703435897
M5,CREB3L2,ZBTB5,0.0586625151336193
M24,HOXA6,HOXD3,0.0586062632501125
M14,IKZF1,EBF4,0.0584642179310321
M12,NFIX,ZEB1,0.0584549233317375
M21,FOXA1,NR1H4,0.0582991130650043
M4,ZNF665,ZNF177,0.0582349300384521
M24,HOXA9,HOXC4,0.0578344576060771
M26,NFYB,ZBTB7C,0.0577257387340068
M7,ZNF609,ZNF649,0.057527769356966
M2,ZFP28,ZNF146,0.05740362778306
M25,EBF2,MLXIPL,0.0573716610670089
M18,IRF3,CASZ1,0.0572505109012126
M7,MGA,ZNF649,0.0571283958852291
M12,NFATC4,ZNF532,0.0570976883172988
M20,PBX2,ZNF133,0.0568256713449955
M19,SOX8,ZNF382,0.0567969754338264
M19,SOX10,PURG,0.0567947998642921
M17,NFE2L1,TFAP2E,0.0567432940006256
M20,PBX2,ZNF621,0.0566674917936325
M3,ZNF133,CRAMP1,0.0565331131219863
M2,ZFP90,ZFP30,0.0565011985599994
M21,HNF4A,HNF1B,0.0564503893256187
M21,HNF4G,OVOL1,0.0564112775027751
M4,NR6A1,ETV2,0.0563021562993526
M6,OVOL2,FOXA2,0.0562584288418293
M2,ZFP90,POGZ,0.0562381260097026
M14,SP140L,FOXA1,0.0561285652220249
M9,ST18,SALL2,0.0560750626027584
M20,SP140,ZNF133,0.0560575611889362
M19,SOX10,NPAS3,0.055951289832592
M5,GLI3,KLF3,0.0559297278523445
M1,TBX3,PEG3,0.0558687150478363
M17,ESRRA,ZNF888,0.0558036677539348
M9,ST18,CSRNP2,0.0556721910834312
M6,OVOL2,FOXA1,0.0556646287441253
M20,ZNF621,CRAMP1,0.0556484311819076
M10,SOX9,TFEB,0.0555846840143203
M20,ZBTB48,ZNF506,0.0552443601191043
M15,SPI1,NFKB1,0.0549151785671711
M20,LYL1,PBX2,0.0548899881541729
M16,ADNP2,HNF1B,0.0547841340303421
M16,ZNF140,CREB3L2,0.0547398701310157
M13,HOXA10,HNF1B,0.0546192117035388
M4,NR6A1,ZFP28,0.0545643344521522
M11,SOX17,EPAS1,0.0544418916106224
M3,ZNF783,ZNF607,0.0541844218969345
M26,TBX19,NR2F2,0.0540665201842784
M18,ETV2,ZNF740,0.0540354698896408
M12,NFATC4,GLI2,0.0539986379444599
M21,HNF1A,FOXA1,0.0539167486131191
M12,ZNF532,OVOL2,0.0537999905645847
M20,LYL1,PPARA,0.0537545010447502
M11,ERG,PGR,0.0537535101175308
M14,IKZF1,ZNF280B,0.0536818131804466
M27,SPI1,ZNF248,0.053667951375246
M27,SP100,SPI1,0.0536256395280361
M4,ZNF433,ZNF599,0.0535899922251701
M1,ZNF25,GLI2,0.053570732474327
M2,ZNF568,ZNF347,0.0535646490752697
M23,BHLHA15,HNF1B,0.0535554029047489
M5,PLAGL1,CREB3L2,0.0535028539597988
M6,BBX,KLF5,0.0534491837024688
M5,ZNF525,GLI3,0.0533933192491531
M4,ZNF280B,ZNF599,0.0533506870269775
M2,ZNF512,ZNF568,0.0533383078873157
M14,SPDEF,FOXA1,0.053291693329811
M1,ZNF471,ATF7,0.0532100684940815
M14,ZNF583,IRF4,0.0531761869788169
M22,GRHL1,TFAP2C,0.0530980378389358
M3,POGZ,DMTF1,0.0530306622385978
M4,ZSCAN5A,ZNF280B,0.0529594272375106
M26,PRDM5,ZNF286A,0.0529566295444965
M21,HNF4A,ZNF440,0.0528481900691986
M3,ZNF140,ZNF785,0.0528395064175128
M26,REL,ZNF540,0.0526716820895671
M14,ZNF552,FOXA1,0.0526125989854335
M16,ZKSCAN1,ZNF609,0.0524970963597297
M23,NR5A2,PAX6,0.052471324801445
M11,SOX18,PKNOX2,0.0524411313235759
M2,IKZF4,ZNF471,0.0524159148335456
M9,SALL2,ZNF280B,0.0523983985185623
M1,ZNF471,PEG3,0.052198976278305
M8,E2F2,ZNF101,0.0521710813045501
M7,ZNF829,ZNF343,0.0521652474999427
M5,ZBTB5,ZNF621,0.0521205365657806
M4,ZNF280B,ZNF20,0.0521040819585323
M6,OVOL2,EHF,0.0520895011723041
M10,SPI1,SOX9,0.0520833097398281
M17,ESRRA,CASZ1,0.0520077794790267
M14,IKZF3,ZKSCAN2,0.051923856139183
M6,MZF1,ZNF675,0.0518111027777195
M15,SP110,NFKB1,0.0518038757145404
M22,GRHL1,BCL11B,0.0517681464552879
M18,MITF,ESRRA,0.0516888536512851
M6,MZF1,KLF5,0.0515853278338909
M6,IRF6,MZF1,0.0514132268726825
M24,HOXA6,HOXA3,0.0512981936335563
M2,IKZF4,ZNF660,0.0512592270970344
M1,ZNF25,FOXO1,0.0512301921844482
M5,KLF3,ZNF286A,0.0511994808912277
M21,LBX2,NR1H4,0.0510927066206932
M24,HOXC4,HOXD4,0.0509598217904567
M16,HNF1B,SIX4,0.0508968383073806
M10,TBX21,SP110,0.0508488379418849
M22,SOX15,TFAP2C,0.0508378855884075
M3,CRAMP1,ZNF506,0.0504730939865112
M2,ZFP30,ZNF286A,0.0504724644124507
M13,ATF5,HNF1B,0.0503403171896934
M8,CEBPA,MYBL2,0.0502993576228618
M18,ZNF430,ESRRA,0.0502804853022098
M4,NR6A1,ZKSCAN2,0.0502026826143264
M7,ZBTB32,NR6A1,0.0501547567546367
M24,HOXA10,HOXA9,0.0500274188816547
M11,ERG,DMRT2,0.0499343499541282
M21,HNF1B,BARX2,0.049929566681385
M18,IRF3,HOXA7,0.0497904978692531
M14,IRF4,SP140L,0.0497761070728302
M3,CRAMP1,ZNF607,0.0496167056262493
M16,ZNF57,HNF1B,0.0496007911860942
M16,CREB3L2,ZNF57,0.049493845552206
M15,FLI1,NFKB1,0.0494818240404129
M3,ZNF133,ZNF783,0.0494774356484413
M14,EBF4,AR,0.0493121370673179
M18,ETV2,ZBTB47,0.0492828749120235
M19,CASZ1,SOX2,0.0491720214486122
M17,ZNF664,TBX19,0.0491346977651119
M13,DMRTA1,HNF1B,0.0489695072174072
M12,ZEB1,GRHL2,0.0489457696676254
M20,ENSG00000142539,ZNF621,0.048909991979599
M6,OVOL1,FOXA2,0.048857856541872
M6,OVOL2,NKX2-3,0.0487525276839733
M3,ZNF140,ZNF76,0.0487368926405906
M3,ZNF76,ZNF785,0.0487342029809951
M1,TBX3,ZNF426,0.0487288460135459
M21,HNF1A,LBX2,0.0487022548913955
M7,MGA,ZNF451,0.0485758073627948
M2,ZFP90,ZNF568,0.0484504252672195
M14,ZNF552,SPDEF,0.0483740270137786
M2,ZNF664,ZNF286A,0.0482319928705692
M9,MYT1,ZNF667,0.0481260530650615
M10,SOX9,SP110,0.0481138005852699
M16,ZFHX3,HNF1B,0.0481028892099857
M15,FLI1,SP100,0.0480802431702613
M9,ZNF382,ZFHX2,0.0480653382837772
M24,HOXA3,HOXA4,0.0480254739522933
M2,ZNF37A,POGZ,0.0480107553303241
M1,ZNF462,TBX3,0.0478828847408294
M20,ENSG00000142539,ZNF506,0.0478819571435451
M4,ZNF665,ZNF599,0.0478373393416404
M24,HOXA10,HOXA6,0.0476547181606292
M4,NR6A1,ZNF667,0.0475909486413002
M17,ESRRA,TFAP2E,0.0475241243839263
M10,TBX21,TFEC,0.0474171973764896
M4,NR6A1,ZNF177,0.0471575930714607
M13,NR1I3,ZNF827,0.0471549332141876
M13,PROX1,ZNF738,0.0471168048679828
M5,KLF3,ELF1,0.0470820032060146
M21,HNF4A,BARX2,0.0470650307834148
M7,ZBTB32,ZNF609,0.0470032542943954
M2,ZFP90,ZNF664,0.0469797365367412
M13,ATF5,ZNF738,0.0469149015843868
M14,EBF4,ZKSCAN2,0.0468510016798973
M26,PRDM5,ZBTB42,0.0467345416545867
M8,FOXM1,ZNF430,0.0467282682657241
M17,NFE2L1,NR1H4,0.046709805727005
M8,E2F2,ZNF367,0.0466606654226779
M4,NR6A1,ZSCAN5A,0.0466425567865371
M21,HNF1A,GRHL2,0.0466175898909568
M10,SPI1,SP110,0.0466081984341144
M26,PRDM5,NFYB,0.04659054428339
M25,EBF2,IRX6,0.0465079993009567
M13,NR1H4,HNF1B,0.0464417785406112
M4,ZNF709,ZNF599,0.0463952533900737
M6,FOXA1,MZF1,0.046367984265089
M16,ZNF700,SIX4,0.0461295396089553
M20,SP140,CRAMP1,0.0459679812192916
M15,ELF4,ELF1,0.0459341816604137
M14,IRF4,AR,0.0459339581429958
M3,ZNF76,ZNF891,0.0456067025661468
M3,ZNF525,ZNF783,0.0455824770033359
M25,PPARG,FOXJ1,0.0455154478549957
M8,MYB,E2F7,0.0455121845006942
M14,IKZF1,ZKSCAN2,0.0454463772475719
M14,IKZF3,SPDEF,0.0454349033534526
M9,ZFHX2,ZNF280B,0.0454057566821575
M26,ZNF395,NR2F2,0.0453448519110679
M20,ZBTB48,PPARA,0.0453274250030517
M8,ZNF10,E2F7,0.0452582538127899
M14,ZNF552,BHLHA15,0.045240219682455
M2,ZNF660,ZNF471,0.0451542325317859
M18,ETV2,CASZ1,0.045139018446207
M18,ZNF101,NFE2L1,0.0449401661753654
M22,TFAP2A,ZNF396,0.0448825247585773
M7,MGA,ZNF286A,0.0448745936155319
M10,SP140,FOXF2,0.0448221489787101
M16,CREB3L2,ZNF12,0.0447578728199005
M4,ETV2,ZNF280B,0.0447052493691444
M26,BACH1,REL,0.0446969904005527
M3,POGZ,ZNF525,0.0446536727249622
M14,RUNX3,IRF4,0.0446203425526618
M16,ADNP2,ZNF609,0.0445538014173507
M13,DMRTA1,MLXIPL,0.0444522611796855
M13,PROX1,ZNF580,0.0443465374410152
M23,HNF1B,FOXA2,0.0443175882101058
M26,NR2F2,ZBTB7C,0.044264405965805
M12,MITF,ZNF462,0.0442348681390285
M12,ZNF532,ZNF304,0.044214941561222
M17,ZHX3,NFE2L1,0.0441922433674335
M12,NFIX,OVOL2,0.0440060794353485
M3,ZNF140,ZNF783,0.0440004244446754
M25,CEBPA,STAT5A,0.0439341366291046
M26,MEF2B,ZNF286A,0.0438579879701137
M2,ZNF664,ZNF146,0.0438184700906276
M3,ZNF789,ZNF607,0.0437788926064968
M26,ZNF286A,ZBTB42,0.0437199845910072
M24,HOXA7,HOXC4,0.0436852127313613
M24,HOXA9,HOXD3,0.043679304420948
M2,ZNF660,POGZ,0.0436660200357437
M1,ZNF471,OVOL2,0.0436215177178382
M5,ZNF621,ZNF140,0.0435357764363288
M16,ZBTB5,ADNP2,0.043376687914133
M17,CLOCK,ESRRA,0.0433573424816131
M11,ERG,ETS1,0.0433024130761623
M6,ELF3,SALL4,0.0432675182819366
M12,MITF,GLI2,0.0431848429143428
M15,ELF4,TWIST2,0.0431756228208541
M24,HOXD3,HOXA4,0.0431496389210224
M12,MEIS3,PBX4,0.0431061275303363
M23,FOXA1,BHLHA15,0.0429956279695034
M7,MGA,STOX2,0.0429788865149021
M10,SOX9,SNAI3,0.0429406836628913
M15,SP100,NFKB1,0.0427471213042736
M13,ATF5,PROX1,0.0427436009049415
M10,TBX21,SNAI3,0.0425795838236808
M22,GRHL1,ZNF396,0.0425588600337505
M1,GLI3,FOXO1,0.0423878729343414
M11,ETS1,SOX17,0.0423809140920639
M5,ZBTB5,ZNF140,0.0423718877136707
M16,ZNF195,ZNF609,0.0423222333192825
M1,ZNF471,TBX3,0.0422618277370929
M2,ZFP28,ZNF660,0.0422484166920185
M15,SPI1,CREB3L2,0.0422460846602916
M15,TBX21,SPI1,0.0422156527638435
M20,LYL1,ENSG00000142539,0.0421654470264911
M6,FOXA1,IRF6,0.0421440117061138
M6,OVOL2,OVOL1,0.0420850329101085
M9,PAX6,ZBTB9,0.0420153774321079
M10,IKZF1,FOXF2,0.0419372208416461
M4,ZNF665,ZFP28,0.0417875349521636
M11,TAL1,EBF3,0.0417870096862316
M2,ZNF512,POGZ,0.0416999384760856
M4,ZNF433,ZNF665,0.0416474714875221
M27,ZNF891,TFE3,0.0416086465120315
M12,ZNF532,GRHL2,0.0415301024913787
M26,NFYB,ZNF540,0.0415248423814773
M26,MEF2B,ZBTB7C,0.0413009673357009
M3,ZSCAN9,ZNF785,0.0412980541586875
M24,HOXC4,HOXA4,0.0412914417684078
M3,ZNF525,ZNF506,0.0411774441599845
M25,TCF15,CEBPA,0.0411754809319973
M22,TFAP2C,KLF4,0.0411453396081924
M9,SALL2,ZNF821,0.0410911552608013
M22,SOX15,TP63,0.0410805717110633
M27,STAT6,TFE3,0.041023526340723
M23,NR1H4,HNF1A,0.0410186536610126
M7,MGA,ZNF236,0.0410089939832687
M1,NFATC4,ZNF426,0.0409829653799533
M17,NFE2L1,ZNF888,0.0409775599837303
M24,HOXA10,HOXD11,0.0409616008400917
M11,FLI1,EBF3,0.0409491248428821
M9,CSRNP2,ZNF525,0.040876068174839
M24,HOXA10,HOXD9,0.0408672764897346
M26,IKZF2,ZNF540,0.0408337637782096
M1,TBX3,FOXO1,0.0408208929002285
M26,IKZF2,NR2F2,0.0407187566161155
M8,MYBL2,ZNF101,0.0406860560178756
M19,SOX8,PURG,0.0406294018030166
M9,ZNF667,ZFHX2,0.0406116433441638
M1,GLI2,FOXO1,0.0406077913939952
M6,FOXA2,MZF1,0.0404650345444679
M5,PLAGL1,ZNF140,0.0403930246829986
M9,HOXB3,ZFHX2,0.0403852015733718
M9,ZNF569,CSRNP2,0.0403789319097995
M26,ZNF540,ZBTB7C,0.0403586998581886
M14,ZNF552,RUNX3,0.0403329767286777
M20,SP140,CREB3L2,0.0403040274977684
M11,SOX18,EBF3,0.0402518808841705
M2,ZNF568,ZNF471,0.0402313023805618
M25,CEBPA,FOXJ1,0.0402103513479232
M1,ATF7,ZNF25,0.0400795638561248
M25,ZNF738,PPARG,0.0400489531457424
M14,ZKSCAN2,BHLHA15,0.0399716943502426
M14,EBF4,BHLHA15,0.0399713143706321
M6,ELF3,ZNF675,0.0397560596466064
M25,EBF2,FOXJ1,0.0397150591015815
M26,TBX19,NFYB,0.0396526642143726
M18,CASZ1,ZNF165,0.0396458469331264
M7,ZBTB32,ZNF649,0.0396151766180992
M10,LYL1,SOX9,0.039575457572937
M12,NFIX,PBX4,0.0395579785108566
M22,SOX15,IRF6,0.0395401194691658
M16,ZNF140,ZNF75D,0.0394172817468643
M13,MLXIPL,MEIS1,0.0393424779176712
M23,ONECUT2,HNF1A,0.0393191874027252
M7,TCF12,ZNF236,0.0391619503498077
M3,ZNF525,ZNF789,0.0391606651246547
M1,SKI,FOXO1,0.0391594618558883
M7,ZNF609,ZNF451,0.0390868410468101
M6,OVOL1,NKX2-3,0.0390776433050632
M5,ZBTB5,ELK4,0.0390214435756206
M9,ST18,ZNF525,0.039014670997858
M16,ZNF700,HNF1B,0.0389993414282798
M17,NFYB,NFE2L1,0.0389862544834613
M11,PGR,SOX17,0.0389842316508293
M18,ETV2,ESRRA,0.0389002300798893
M9,PAX6,HOXB3,0.0388348847627639
M22,TFAP2C,HES2,0.0388250946998596
M25,PPARG,NR5A2,0.038818422704935
M2,IKZF4,ZNF286A,0.0388039052486419
M3,ZNF140,ZNF506,0.0387760549783706
M23,NR1H4,FOXA2,0.0387451685965061
M27,THRB,TFE3,0.0385755933821201
M14,EBF4,FOXA1,0.0384485572576522
M9,HOXB3,ZNF821,0.0384099707007408
M13,HOXA10,MEIS1,0.0383007824420928
M23,SALL4,FOXA2,0.0382701531052589
M7,ZNF343,ZNF236,0.0381426252424716
M16,ZNF140,ADNP2,0.0381271615624427
M9,HOXB3,ZNF280B,0.0380976945161819
M14,NKX2-3,EBF4,0.038093913346529
M24,HOXA10,HOXD3,0.0380565375089645
M14,RUNX3,BHLHA15,0.0379783175885677
M13,ATF5,MEIS1,0.0379406437277793
M4,ZSCAN5A,ZNF665,0.0379271209239959
M3,CRAMP1,ZNF783,0.0378890931606292
M24,HOXA3,HOXD3,0.0378698743879795
M4,NR6A1,ZNF599,0.0378685444593429
M14,ZKSCAN2,AR,0.0378470793366432
M3,CRAMP1,ZNF525,0.0376881882548332
M4,ZNF546,ZNF280B,0.0376598425209522
M2,ZNF37A,IKZF4,0.0376399680972099
M16,ZNF700,ZNF57,0.0376320220530033
M10,SP140,ZNF662,0.0375498943030834
M24,HOXA10,HOXD10,0.0375024750828743
M18,ZNF740,ZBTB47,0.0374695025384426
M20,CREB3L2,PPARA,0.0374244898557662
M14,ZNF280B,BHLHA15,0.0374119505286216
M5,CREB3L2,ELF1,0.0374044328927993
M2,ZNF347,POGZ,0.0374032519757747
M7,ZNF343,ZNF451,0.0373273454606533
M10,SPI1,ZNF662,0.0373075380921363
M10,SPI1,LYL1,0.0372999124228954
M26,PRDM5,ZNF395,0.0372945852577686
M5,ZNF525,CREBZF,0.0371522791683673
M7,TCF12,ZNF286A,0.0371380001306533
M13,HNF1B,MEIS1,0.0370690450072288
M4,ZNF177,ZNF709,0.0370434895157814
M26,E2F2,REL,0.0370427928864955
M1,ATF7,FOXO1,0.0369488447904586
M12,NFIX,CASZ1,0.0368367135524749
M2,ZNF568,ZNF660,0.0367384403944015
M20,ENSG00000142539,CRAMP1,0.0366137325763702
M17,ESRRA,GFI1,0.0365719087421894
M8,E2F7,ZNF675,0.0365509502589702
M3,ZNF783,ZNF785,0.0364888682961463
M1,ZNF471,ZNF25,0.036428079009056
M2,ZNF660,ZNF286A,0.0364276841282844
M4,ZSCAN5A,ZNF709,0.0363819114863872
M21,OVOL1,ZNF440,0.0363562926650047
M26,REL,NR2F2,0.0363205038011074
M15,STAT6,CREB3L2,0.0363166369497776
M5,CREB3L2,KLF3,0.0363097079098224
M20,ZNF133,CRAMP1,0.0363092124462127
M4,ZNF20,ZNF665,0.0362638868391513
M26,PRDM5,ZBTB7C,0.0362486317753791
M4,ZNF20,ZNF135,0.0362382642924785
M2,ZNF568,ZNF146,0.0362104810774326
M23,MEIS1,HNF1B,0.0361510291695594
M15,SP100,ZNF430,0.0360023379325866
M18,ZNF165,ZBTB47,0.0359519310295581
M9,ZNF382,HOXB3,0.0359474867582321
M26,BACH1,ZBTB7C,0.0359313152730464
M17,CLOCK,TBX19,0.0358787588775157
M12,GLI2,CASZ1,0.0358245000243186
M22,TP63,KLF5,0.0358176827430725
M12,ZEB1,GLI2,0.0357671119272708
M2,ZNF664,ZNF347,0.0356986559927463
M19,ZNF536,ZNF382,0.0355853922665119
M7,ZNF829,NR6A1,0.0355845429003238
M26,BACH1,ZSCAN31,0.0355714187026023
M6,GRHL2,MAFK,0.0354924239218235
M4,NR6A1,ZNF20,0.0354661159217357
M6,ELF3,MAFK,0.0354534834623336
M3,ZNF875,ZNF789,0.0353849008679389
M21,OVOL1,HES2,0.0353753678500652
M12,ZNF296,CASZ1,0.0353615246713161
M3,DMTF1,ZNF140,0.0352739244699478
M12,ZEB1,ZNF304,0.0352492369711399
M19,SOX8,LRRFIP1,0.0352369807660579
M16,ZNF75D,ZNF518A,0.0352274812757968
M20,ZKSCAN4,TBX3,0.0351965129375457
M26,MEF2B,ZNF395,0.035176582634449
M6,EHF,BBX,0.035168744623661
M5,ZNF90,ZNF621,0.0351531058549881
M16,ZNF140,ZNF195,0.0351524800062179
M10,NTN1,SNAI3,0.035140536725521
M23,ONECUT2,BHLHA15,0.0350762493908405
M8,FOXM1,ZNF322,0.0350213646888732
M18,POU2F2,ZBTB47,0.0349878706037998
M6,IRF6,BBX,0.0348999500274658
M11,ETS1,ZNF366,0.034894797950983
M8,E2F7,ZNF367,0.0347802266478538
M16,ZKSCAN1,HNF1B,0.0347708538174629
M10,SPI1,NTN1,0.0347555056214332
M4,ZNF20,ZNF667,0.0347279496490955
M11,SOX17,EBF3,0.0346909463405609
M1,ZNF471,ZNF462,0.0346751846373081
M3,DMTF1,ZNF785,0.0345986373722553
M12,NFIX,GLI2,0.0345650762319564
M13,ATF5,HOXA10,0.0345288999378681
M24,HOXA6,HOXD11,0.0344679839909076
M26,IKZF2,REL,0.0344400778412818
M7,ZNF343,ZNF649,0.0343958437442779
M14,RUNX3,SPDEF,0.0343682803213596
M21,HNF1A,ZNF440,0.034221988171339
M25,TCF15,MLXIPL,0.0342014916241169
M14,NKX2-3,RUNX3,0.0341550931334495
M3,ZNF525,ZNF76,0.0341494306921958
M15,SP110,IRF2,0.0340670496225357
M6,ZNF675,BBX,0.0340629927814006
M3,DMTF1,ZNF891,0.033952921628952
M12,MITF,GRHL2,0.0338983982801437
M18,ZNF101,ETV2,0.0338644534349441
M14,NKX2-3,SP140L,0.0338603965938091
M4,ZNF20,ZNF599,0.0338564813137054
M22,SOX15,KLF4,0.0338455662131309
M10,LYL1,FOXF2,0.0337471514940261
M9,ZNF667,ZNF280B,0.0337278954684734
M21,HNF1B,OVOL1,0.0336649641394615
M8,MYBL2,ETS2,0.0336496494710445
M7,ZNF609,ZNF236,0.0335756987333297
M13,HHEX,HOXA10,0.033522967249155
M12,ZNF532,PBX4,0.0334306806325912
M16,ZNF140,ZFHX3,0.0334252379834651
M6,FOXA2,BBX,0.0334134325385093
M18,ZBTB5,ESRRA,0.0334050320088863
M9,ZBTB9,ZFHX2,0.0333221666514873
M6,FOXA2,KLF5,0.0332823283970356
M14,ZNF552,ZNF583,0.033273808658123
M4,ETV2,ZNF135,0.0331731736660003
M16,ZNF195,ZNF518A,0.0331609919667243
M3,ZNF506,ZNF783,0.0331498086452484
M22,KLF5,SALL1,0.0331327840685844
M5,ZNF286A,ZBTB5,0.0331025458872318
M19,CASZ1,NPAS3,0.0330836474895477
M10,IKZF1,TFEC,0.0330411866307258
M26,BACH1,ZNF540,0.0329547971487045
M1,ZNF462,OVOL2,0.0328734815120697
M26,NFYB,ZBTB42,0.0328595899045467
M14,ZNF280B,AR,0.0327883437275886
M13,NR1I3,ZNF580,0.0327288210391998
M1,ZNF471,ZNF426,0.0326782949268817
M5,ZNF525,ELF1,0.0326596200466156
M24,HOXA6,HOXD10,0.0326550602912902
M27,TFEC,ZNF10,0.0326179563999176
M24,HOXA10,HOXC4,0.0326157957315444
M21,FOXA1,ZNF440,0.0326097644865512
M6,FOXA1,BBX,0.0326052531599998
M9,HOXB3,HOXD3,0.0326025038957595
M16,ZNF195,HNF1B,0.0325234085321426
M19,SOX8,ZNF233,0.0325170531868934
M9,ZNF382,ZNF667,0.0324647575616836
M10,SPI1,TFEC,0.0324413292109966
M12,ZEB1,ZNF296,0.0324295721948146
M2,IKZF4,ZNF146,0.0324068628251552
M23,BHLHA15,TEAD4,0.0323847644031047
M1,PEG3,FOXO1,0.0323551334440708
M20,SP140,ENSG00000142539,0.0323368161916732
M12,NFIX,ZNF296,0.0322961769998073
M9,HOXD3,ZNF667,0.0322866328060627
M9,PAX6,HOXD3,0.0322834998369216
M2,ZNF512,ZNF347,0.0322585217654705
M18,MITF,HSF2,0.0322103984653949
M26,BACH1,IKZF2,0.0321161486208438
M7,ZNF649,ZNF280B,0.0321129523217678
M16,ZBTB5,CREB3L2,0.0321090184152126
M13,ZNF738,MEIS1,0.0320707187056541
M8,E2F2,ZNF430,0.0320437401533126
M15,SP110,SP100,0.0320238843560218
M26,ZNF540,NR2F2,0.0320142991840839
M16,ZNF140,HNF1B,0.0320024192333221
M26,E2F2,BACH1,0.0319372564554214
M6,MZF1,NKX2-3,0.0319142900407314
M27,SOX15,TFEC,0.0318300351500511
M15,STAT6,TWIST2,0.0318061336874961
M19,CASZ1,SOX10,0.0317564979195594
M24,HOXA3,NR2F2,0.0317426025867462
M4,ETV2,ZSCAN5A,0.0317276418209075
M15,ELF1,ZNF430,0.0317269936203956
M18,POU2F2,ESRRA,0.0316397957503795
M2,ZNF146,POGZ,0.0316140986979007
M8,ZNF322,ZNF675,0.0315955840051174
M21,HNF1A,FOXA3,0.0315895676612854
M11,ETS1,TAL1,0.0315858609974384
M2,ZNF347,ZNF146,0.0315640494227409
M17,NR1H4,TBX19,0.0315290801227092
M17,ESRRA,ZNF664,0.0315270461142063
M26,E2F2,ZNF540,0.0314823500812053
M4,NR6A1,ZNF280B,0.0314724035561084
M24,HOXA9,HOXA3,0.031439296901226
M6,EHF,FOXA2,0.0314383208751678
M6,FOXA2,SALL4,0.0313422307372093
M10,TBX21,LYL1,0.0313382185995578
M6,MAFK,MZF1,0.0312790386378765
M20,PPARA,TBX3,0.0312752872705459
M24,HOXA6,HOXC4,0.031261209398508
M8,MYB,ZNF367,0.0309639144688844
M13,NR1I3,MEIS1,0.0309570059180259
M2,ZFP90,ZNF347,0.0309242624789476
M27,ZNF821,TFE3,0.0308621283620595
M10,SPI1,TFEB,0.0308379903435707
M12,PBX4,OVOL2,0.0308154728263616
M12,GLI2,PBX4,0.0307789426296949
M13,HHEX,HNF1B,0.0307707078754901
M6,ZNF675,SALL4,0.0307645350694656
M14,EBF4,IKZF3,0.0307295769453048
M3,ZNF140,ZNF789,0.0307151917368173
M24,HOXA3,HOXC4,0.0307041853666305
M4,ZNF546,ZNF433,0.030640373006463
M8,E2F2,CEBPA,0.0306175500154495
M23,ONECUT2,MEIS1,0.0305997133255004
M5,ZNF525,ZNF140,0.0305908173322677
M26,E2F2,NR2F2,0.030527226626873
M6,FOXA2,ZNF675,0.030515382066369
M14,RUNX3,AR,0.0305149108171463
M13,ZNF580,MEIS1,0.0304764918982982
M2,ZNF568,ZNF286A,0.0304680988192558
M18,IRF3,ZBTB47,0.0304677635431289
M25,CEBPA,IRX6,0.0304625313729047
M21,PPARA,LBX2,0.0304589867591857
M17,ZNF888,ZNF664,0.0304350182414054
M14,NKX2-3,SPDEF,0.0303882211446762
M18,MITF,CASZ1,0.0303505435585975
M11,ETS1,FLI1,0.0303403139114379
M2,POGZ,ZNF286A,0.0302740186452865
M19,GATA5,NPAS3,0.0302707552909851
M8,E2F2,MRTFA,0.0302699655294418
M5,IRF3,ZNF286A,0.0302560590207576
M25,EBF3,CEBPA,0.0302041750401258
M26,MEF2B,NFYB,0.0301974155008792
M15,SPI1,PLAGL1,0.0301577690988779
M12,NFATC4,NFIX,0.0301186926662921
M20,PBX2,PPARA,0.0300930980592966
M3,ZSCAN9,ZNF789,0.0300878621637821
M24,HOXA7,HOXA9,0.0300769861787557
M6,MZF1,SALL4,0.0300679132342338
M12,MEIS3,CASZ1,0.030058704316616
M4,ZNF280B,ZNF709,0.0300392061471939
M13,PROX1,MEIS1,0.029996745288372
M3,ZSCAN9,ZNF76,0.0299577098339796
M5,ZNF525,KLF3,0.0299322493374347
M2,ZNF664,IKZF4,0.0299277808517217
M8,MYB,ZNF101,0.0299083590507507
M26,ZNF395,ZBTB42,0.0298870224505662
M22,TP63,KLF4,0.0298399664461612
M24,HOXD10,HOXD3,0.0297653991729021
M4,ETV2,ZNF667,0.0297429449856281
M23,FOXA2,TEAD4,0.0296666715294122
M6,OVOL1,EHF,0.0296665243804454
M15,FLI1,NR5A2,0.0296209622174501
M13,ZNF580,ZNF486,0.0296186041086912
M27,SPI1,ZNF10,0.0295997001230716
M5,CREBZF,ZNF286A,0.0295750126242637
M4,ZNF433,ZNF709,0.0295694116503
M16,CREB3L2,ZNF518A,0.0294831171631813
M7,ZNF829,ZNF236,0.0294692367315292
M3,ZNF525,DMTF1,0.0294530633836984
M24,HOXC4,HOXD3,0.0294301230460405
M11,PGR,PKNOX2,0.0294293742626905
M17,ZNF280D,NFE2L1,0.0294196922332048
M18,HSF2,ZBTB47,0.0294004660099744
M5,CREB3L2,IRF3,0.0293558072298765
M7,ZNF649,ZNF236,0.0293193962424993
M7,ZBTB32,ZNF280B,0.0292852576822042
M26,MEF2B,ZNF540,0.0292420107871294
M20,CREB3L2,ZNF133,0.0291944835335016
M6,FOXA1,EHF,0.0291686709970235
M22,RARG,SOX15,0.0291665717959404
M2,ZFP90,ZNF146,0.0291479285806417
M27,SP100,ETS1,0.0291342884302139
M3,ZSCAN9,ZNF783,0.029109913855791
M13,ZNF738,HOXA10,0.029095958918333
M1,TWIST2,ZNF462,0.029080007225275
M3,ZNF525,ZNF607,0.0290743615478277
M8,ZBTB32,E2F7,0.0290334243327379
M5,CREB3L2,ZNF140,0.0290314126759767
M2,ZNF660,ZNF146,0.0290073100477457
M2,ZNF664,ZNF471,0.0289823953062295
M14,ZKSCAN2,ZNF583,0.0289129447191953
M1,ZNF471,SKI,0.028895741328597
M4,ZNF433,ZNF667,0.0288790203630924
M8,CEBPA,E2F7,0.0288775209337472
M4,ZNF546,ZNF177,0.0288275461643934
M20,CREB3L2,ZBTB48,0.0288266614079475
M15,SP110,PLAGL1,0.0288233254104852
M3,ZNF133,ZSCAN9,0.0287726763635873
M7,ZNF649,ZNF286A,0.0286953169852495
M4,ZNF433,NR6A1,0.0285915229469537
M16,ZNF75D,CREB3L2,0.0285538025200366
M2,ZNF664,ZNF660,0.0285156294703483
M10,SP140,IRF8,0.0285136438906192
M25,ZNF738,EBF2,0.0285076946020126
M11,FLI1,DMRT2,0.0285025611519813
M21,NR1H4,ZNF440,0.0284298378974199
M22,RARG,ZNF396,0.0284275654703378
M9,ZNF382,CSRNP2,0.0284057352691888
M1,ZNF471,FOXO1,0.0283867046236991
M8,ZNF430,ZNF101,0.0283757876604795
M10,LYL1,SP110,0.0283713433891534
M26,ZNF286A,BACH1,0.0283530298620462
M24,HOXA6,HOXA4,0.0283485371619462
M18,ZNF165,ESRRA,0.0283350273966789
M26,BACH1,ZBTB42,0.0283340997993946
M19,ZNF536,GRHL2,0.0283081103116273
M22,SOX15,TFAP2A,0.0282944981008768
M17,NFE2L1,CASZ1,0.0282574612647295
M5,ELF1,ZBTB5,0.0281791500747203
M21,HNF4G,FOXA1,0.0281781125813722
M26,ZNF395,IKZF2,0.0281626507639884
M5,PLAGL1,ZNF765,0.0281393881887197
M4,ZNF177,ZFP28,0.0281138010323047
M15,SPI1,TWIST2,0.0280578229576349
M21,HNF1A,HNF1B,0.028040325269103
M21,HNF1B,FOXA3,0.0280001927167177
M5,ZNF525,ZBTB5,0.0279921982437372
M11,SOX18,STOX2,0.0279902126640081
M7,ZBTB32,ZNF236,0.0279789455235004
M17,ZNF181,ZNF280D,0.0278227850794792
M5,ZNF525,ZNF621,0.027810325846076
M21,GRHL2,OVOL1,0.0277435332536697
M16,ZBTB5,ZNF57,0.02772968262434
M25,STAT5A,NR5A2,0.0277235563844442
M17,FOXH1,NFE2L1,0.0277218464761972
M16,ZNF75D,ZNF195,0.0277096219360828
M6,ZNF675,NKX2-3,0.0277043431997299
M5,ZNF525,IRF3,0.0276627037674188
M18,POU2F2,ZNF430,0.0276429876685142
M4,ZFP28,ZNF599,0.0276372507214546
M18,POU2F2,HOXA7,0.0276330057531595
M16,ZNF140,ZKSCAN1,0.0276141595095396
M7,ZNF829,ZBTB32,0.027602057904005
M10,SP140,IKZF3,0.0275907181203365
M26,ZNF395,BACH1,0.0275552328675985
M14,NKX2-3,AR,0.0275465752929449
M5,ZNF765,ELK4,0.0275359097868204
M25,HOXB6,TBX15,0.0275354124605655
M5,CREBZF,ELF1,0.0275326631963253
M4,ZNF20,ZNF709,0.0275055337697267
M14,ZNF280B,ZNF583,0.0274641774594783
M18,HOXA7,ZBTB5,0.0274360198527574
M2,IKZF4,ZNF347,0.0274332147091627
M25,ZNF738,MLXIPL,0.0274329669773578
M7,NR6A1,ZNF649,0.027365293353796
M15,TBX21,NFKB1,0.0273121669888496
M16,ZNF140,SIX4,0.0272876638919115
M12,GRHL2,OVOL2,0.027222828939557
M26,ZNF286A,ZBTB7C,0.0271936766803264
M25,TBX15,IRX6,0.0271843336522579
M18,MITF,ZBTB47,0.0271614287048578
M6,MAFK,KLF5,0.0271246414631605
M21,HNF4A,FOXA3,0.0271187853068113
M16,ZNF57,ZNF12,0.0270490311086177
M21,HNF4A,NFATC1,0.0270259696990251
M7,NR6A1,ZNF609,0.0270185749977827
M20,LYL1,ZNF621,0.026998296380043
M16,HNF1B,ZNF609,0.0269477441906929
M22,TP63,ZNF396,0.026919050142169
M4,ZNF546,ZNF135,0.026917066425085
M12,NFATC4,MITF,0.026911711320281
M7,NR6A1,ZNF280B,0.0268894359469413
M5,CREB3L2,ELK4,0.026867413893342
M25,CEBPA,NR5A2,0.0268588922917842
M27,SOX15,RARB,0.0268186647444963
M20,ZBTB48,ZKSCAN2,0.0268022269010543
M8,ZNF10,ZNF367,0.0267954375594854
M11,ERG,TBX2,0.0267499443143606
M10,IKZF3,TFEC,0.0267300922423601
M26,IKZF2,NFYB,0.0267173703759908
M9,ST18,ZNF821,0.0267083328217268
M20,CREB3L2,TBX3,0.0267066620290279
M22,SOX15,KLF5,0.0266887322068214
M25,TBX15,FOXJ1,0.0266737602651119
M16,ZNF57,ZNF609,0.0266685131937265
M19,ZNF382,SOX10,0.0266684740781784
M7,ZNF829,MGA,0.0266570821404457
M25,TBX15,NR5A2,0.0266251415014266
M10,SP110,IKZF3,0.0266148559749126
M6,FOXA1,NKX2-3,0.0265070609748363
M2,ZNF664,POGZ,0.026480421423912
M20,SP140,TBX3,0.0264646522700786
M20,PBX2,ZKSCAN2,0.0264642052352428
M12,ZNF296,GRHL2,0.0264361053705215
M19,SOX2,LRRFIP1,0.0264044478535652
M22,KLF5,HES2,0.026397168636322
M22,ZNF396,KLF5,0.0263543706387281
M9,CSRNP2,ZBTB9,0.0263446122407913
M6,MZF1,BBX,0.0263338591903448
M8,MRTFA,ZNF101,0.0263298265635967
M12,MITF,MEIS3,0.0263207126408815
M13,MLXIPL,ZNF738,0.0263136029243469
M13,NR1I3,FOXA1,0.026296567171812
M2,ZNF37A,ZNF146,0.0262828655540943
M8,FOXM1,ZNF10,0.0262529924511909
M20,ENSG00000142539,ZNF133,0.026247065514326
M16,ZNF75D,ZNF609,0.0262198932468891
M22,TFAP2C,KLF5,0.0261336509138345
M6,IRF6,SALL4,0.0261157900094985
M22,TP63,IRF6,0.0260826796293258
M9,SALL2,ZFHX2,0.0260777473449707
M22,GRHL1,SALL1,0.0260527245700359
M4,ETV2,ZNF599,0.0260420944541692
M20,LYL1,ZKSCAN2,0.0260213371366262
M17,ZHX3,TBX19,0.0260076783597469
M26,E2F2,ZBTB7C,0.026001626625657
M27,ETS1,TFEC,0.0259798690676689
M16,ZFHX3,SIX4,0.0259727835655212
M25,STAT5A,MLXIPL,0.0259004645049572
M17,NFYB,ESRRA,0.0258726757019758
M2,ZFP90,ZNF286A,0.0258635971695184
M5,KLF3,ZBTB5,0.025861918926239
M14,RUNX3,SP140L,0.0258578583598136
M10,IKZF1,ZNF662,0.0258267689496278
M5,CREB3L2,ZNF621,0.0258060172200202
M21,HES2,BARX2,0.0258023962378501
M25,EBF2,STAT5A,0.0257926061749458
M19,ZNF536,LRRFIP1,0.0257780645042657
M21,HNF1A,HNF4G,0.0257751997560262
M15,SPI1,NR5A2,0.0257201548665761
M11,SOX17,MEIS3,0.025712065398693
M2,ZNF579,ZNF146,0.025708008557558
M20,ZKSCAN4,ZKSCAN2,0.0257044602185487
M6,EHF,SALL4,0.0256917811930179
M12,NFATC4,OVOL2,0.0256469342857599
M6,OVOL1,MAFK,0.0256234891712665
M3,ZNF133,ZNF607,0.0256043244153261
M7,ETV2,ZBTB32,0.0256020352244377
M23,NR5A2,HNF1A,0.0255851261317729
M5,CREBZF,ZNF140,0.0255764201283454
M22,TFAP2A,TFAP2C,0.0255507249385118
M21,PPARA,FOXA1,0.0255134720355272
M9,ST18,ZBTB9,0.025510411709547
M18,IRF3,ZNF740,0.025502786040306
M8,FOXM1,MRTFA,0.0254951100796461
M26,ZNF286A,IKZF2,0.0254819206893444
M17,NFE2L1,ZNF664,0.0254705231636762
M12,ZBTB47,ZNF304,0.0254688374698162
M25,ZNF738,TBX15,0.025437694042921
M14,SPDEF,SP140L,0.0254174917936325
M3,ZNF789,ZNF891,0.0254104752093553
M16,ZNF57,ZKSCAN1,0.0253905560821294
M13,ATF5,DMRTA1,0.0253822561353445
M10,SPI1,FOXF2,0.0253663659095764
M11,PGR,TAL1,0.0253371950238943
M15,SPI1,ELF1,0.0253102350980043
M23,SALL4,HNF1B,0.0252816900610923
M11,TBX2,EBF3,0.0252795498818159
M16,ZNF195,ZFHX3,0.0252750441431999
M19,ZNF536,ZNF233,0.0252623930573463
M27,SPI1,FOXC2,0.0252518840134143
M3,ZNF133,ZNF506,0.0252270177006721
M2,ZNF347,ZNF471,0.0251862630248069
M7,ZNF426,ZNF236,0.0249787215143442
M26,ZNF286A,NR2F2,0.0249588154256343
M5,ELF1,ZNF286A,0.0248714741319417
M1,ATF7,ZNF426,0.0248689800500869
M9,ZNF569,ZFHX2,0.024818992242217
M5,GLI3,ZBTB5,0.0248036701232194
M13,NR1I3,ZNF738,0.0247986726462841
M20,PBX2,ZNF506,0.0247735828161239
M12,ZNF462,CASZ1,0.0247687119990587
M27,FOXC2,ZNF248,0.0246593430638313
M6,SALL4,KLF5,0.0246491022408008
M18,HOXA7,ZNF165,0.0246245861053466
M9,ZNF821,ZNF280B,0.0246224086731672
M24,HOXA9,HOXA4,0.0246141459792852
M16,ZNF75D,ZFHX3,0.0246071238070726
M4,ZNF665,ZNF709,0.0246048755943775
M24,HOXA9,ZFP2,0.0245830528438091
M4,ZNF20,ZNF177,0.0245670564472675
M14,ZNF552,ZKSCAN2,0.0245647858828306
M6,FOXA2,NKX2-3,0.0245440024882555
M24,HOXD11,HOXD4,0.0245239958167076
M5,PLAGL1,ZNF525,0.0245202500373125
M14,EBF4,ZNF280B,0.0245124846696853
M20,PPARA,ZNF133,0.0244964864104986
M15,SP110,TWIST2,0.0244801901280879
M7,ZNF829,TCF12,0.0244645699858665
M5,ZNF525,ZNF286A,0.0244570821523666
M17,ZNF181,ESRRA,0.0244253259152174
M14,ZKSCAN2,FOXA1,0.024367993697524
M27,SOX15,ZNF248,0.0243657976388931
M16,ZFHX3,ZNF609,0.0243560131639242
M9,ZNF382,HOXD3,0.0242744404822587
M8,ZNF430,ZNF675,0.0242678020149469
M4,ZNF433,ETV2,0.0242470912635326
M21,HNF4A,GRHL2,0.024233054369688
M1,SKI,ZNF462,0.0242194458842277
M18,ZNF101,HOXA7,0.0241986066102981
M7,ZBTB32,MGA,0.0241947714239358
M22,TP63,SALL1,0.0241702795028686
M9,CSRNP2,ZFHX2,0.0241487845778465
M21,HNF4A,HES2,0.0241429321467876
M2,ZFP28,ZNF664,0.0241322256624698
M13,NR1I3,HOXA10,0.0241261832416057
M22,TFAP2C,ZNF396,0.0241171289235353
M23,NR5A2,NR1H4,0.0241153240203857
M11,ERG,MEIS3,0.0241000913083553
M26,MEF2B,BACH1,0.024077221751213
M5,ZNF286A,ZNF621,0.0240388996899127
M24,HOXA7,HOXD9,0.0239847470074892
M25,MLXIPL,NR5A2,0.0239774752408266
M5,CREBZF,IRF3,0.0239634662866592
M16,ZNF75D,ZNF12,0.0239631105214357
M19,NPAS3,FOXD3,0.0239610560238361
M18,CASZ1,ZNF430,0.0239544622600078
M13,HHEX,MEIS1,0.0239377506077289
M26,ZBTB42,ZSCAN31,0.0239339973777532
M13,DMRTA1,NR1H4,0.0239024832844734
M14,EBF4,ZNF583,0.0238713398575782
M24,HOXA10,HOXA4,0.0238707587122917
M14,ZKSCAN2,ZNF280B,0.0238561853766441
M7,ZNF649,STOX2,0.0238235834985971
M8,MYB,MYBL2,0.0238182563334703
M20,ZNF133,ZNF506,0.0237814616411924
M8,ZNF367,ZNF675,0.0237324126064777
M7,ETV2,ZNF649,0.0236913114786148
M2,ZNF512,ZNF660,0.0236804541200399
M18,ZNF101,ZNF740,0.0236645601689815
M27,SPI1,THRB,0.0236641056835651
M17,ZNF181,NR1H4,0.0236394498497247
M3,POGZ,ZNF891,0.0236294586211442
M18,ZNF430,ZBTB47,0.023569319397211
M4,ZNF280B,ZNF177,0.0235673673450946
M5,ZNF525,ELK4,0.0235584639012813
M10,IKZF3,ZNF662,0.0235537532716989
M14,ZNF552,ZNF280B,0.0235495679080486
M7,NR6A1,MGA,0.0235023330897092
M16,ZNF195,ZNF57,0.0234319791197776
M17,ZHX3,ESRRA,0.0234311390668153
M24,HOXA7,ZFP2,0.023407457396388
M20,LYL1,ZNF506,0.0234069488942623
M12,ZEB1,MEIS3,0.0233925208449363
M23,FOXA1,IRF4,0.0233868807554245
M23,PAX6,NR1H4,0.0233794376254081
M5,GLI3,ZNF621,0.0232970211654901
M6,IRF6,MAFK,0.0232956558465957
M1,ATF7,TBX3,0.0232785921543836
M12,ZEB1,ZNF462,0.0232753399759531
M16,ZNF75D,HNF1B,0.0232532117515802
M26,IKZF2,ZBTB42,0.0232096258550882
M14,ZNF583,BHLHA15,0.0232087969779968
M8,MRTFA,ZNF367,0.0232084933668375
M11,SOX17,TBX2,0.0231854040175676
M5,IRF3,ZBTB5,0.0231518484652042
M5,ZNF525,CREB3L2,0.0231179855763912
M20,CREB3L2,ZNF506,0.0231111478060483
M18,IRF3,HSF2,0.0230914540588855
M23,SALL4,BHLHA15,0.0230748560279607
M11,PGR,ZNF366,0.0230541117489337
M17,NFE2L1,GFI1,0.0230456814169883
M7,TCF12,ZNF343,0.0230424329638481
M19,SOX2,FOXD3,0.0230049323290586
M17,ZNF888,GFI1,0.0229708384722471
M9,HOXB3,ZNF667,0.0229693818837404
M5,CREBZF,ZNF621,0.0229229610413312
M13,ZNF827,HNF1B,0.0228244978934526
M23,FOXA1,HNF1B,0.0228021331131458
M22,RARG,TFAP2A,0.0227992795407772
M2,ZNF146,ZNF286A,0.0227981880307197
M3,DMTF1,ZNF875,0.0227695051580667
M15,TBX21,FLI1,0.0227271262556314
M4,ZNF546,ETV2,0.0227079074829816
M7,NR6A1,ZNF451,0.022695817053318
M13,ZNF486,MEIS1,0.0226903334259986
M7,ETV2,ZNF829,0.0226647313684225
M27,TFE3,FOXC2,0.0226215831935405
M9,SALL2,ZNF667,0.0225769877433776
M21,HNF4G,ZNF440,0.02256391197443
M16,ADNP2,ZFHX3,0.0225067790597677
M1,OVOL2,FOXO1,0.0224956609308719
M27,STAT6,THRB,0.0224815718829631
M20,LYL1,ZNF133,0.0224716812372207
M4,ZKSCAN2,ZNF667,0.0223923940211534
M14,IKZF3,AR,0.0223839208483696
M22,TP63,NKX3-1,0.0223800595849752
M11,ZNF366,FLI1,0.0223440546542406
M13,ZNF580,ZNF827,0.0223313216120004
M8,ZBTB32,FOXM1,0.0223188158124685
M7,ZNF451,ZNF236,0.0223148632794618
M5,ZNF765,CREB3L2,0.0223045609891414
M17,TBX19,GFI1,0.022280154749751
M26,BACH1,NR2F2,0.0222397334873676
M8,CEBPA,ETS2,0.0222098231315612
M17,FOXH1,ZNF888,0.022207947447896
M24,HOXA6,HOXA9,0.0221925377845764
M14,NKX2-3,ZNF583,0.0221462696790695
M13,ATF5,ZNF580,0.0221106316894292
M21,HNF1B,NR1H4,0.0221096202731132
M22,IRF6,HES2,0.0221092291176319
M3,ZNF875,ZNF76,0.0220565889030694
M23,SALL4,MEIS1,0.0220365691930055
M12,NFATC4,ZNF304,0.02203612588346
M26,E2F2,ZBTB42,0.0220284834504127
M5,CREB3L2,GLI3,0.0220226161181926
M18,ZNF101,ZNF165,0.0219968985766172
M18,ZNF430,ZNF165,0.0219830628484487
M16,ZNF57,SIX4,0.0219783596694469
M15,ELF4,IRF2,0.0219764728099107
M23,SALL4,HNF1A,0.0219736583530902
M10,SNAI3,FOXF2,0.0219537038356065
M8,ZNF430,ETS2,0.0219512581825256
M3,ZNF506,ZNF785,0.0219454281032085
M5,PLAGL1,IRF3,0.0219215136021375
M7,ZNF343,ZNF286A,0.0218958966434001
M25,TCF15,TBX15,0.0218180175870656
M3,CRAMP1,ZSCAN9,0.0218178816139698
M8,ZNF322,ZNF101,0.0217474214732646
M5,CREBZF,KLF3,0.0217336788773536
M5,KLF3,ZNF140,0.0217291545122861
M4,ZFP28,ZNF709,0.0216841641813516
M27,SP100,FOXC2,0.0216647312045097
M9,ZBTB9,ZNF525,0.0216585174202919
M22,TFAP2C,IRF6,0.0216488987207412
M18,POU2F2,HSF2,0.02164395339787
M1,ZNF462,ZNF25,0.0216299034655094
M27,SPI1,SOX15,0.0216118171811103
M26,ZBTB42,ZBTB7C,0.0215975996106863
M13,NR1I3,DMRTA1,0.0215645376592874
M19,GATA5,SOX2,0.0215580128133296
M9,HOXB3,ZBTB9,0.0215515382587909
M20,ZKSCAN4,PPARA,0.021549105644226
M12,ZBTB47,GRHL2,0.0215325411409139
M19,CASZ1,FOXD3,0.0215270835906267
M3,DMTF1,ZNF607,0.0215146169066429
M20,PBX2,ZKSCAN4,0.0214552693068981
M15,NR5A2,ZNF430,0.0214344169944524
M8,ZNF10,MYBL2,0.0214114356786012
M18,IRF3,ESRRA,0.0214107390493154
M24,HOXD9,HOXD4,0.0213763434439897
M4,ZNF433,ZNF135,0.0213595442473888
M23,PAX6,FOXA2,0.0213537532836198
M25,FOXJ1,NR5A2,0.0213467795401811
M12,NFATC4,ZNF462,0.0213178731501102
M7,ETV2,NR6A1,0.021316759288311
M23,IRF8,HNF1A,0.0213110111653804
M20,CRAMP1,ZNF506,0.0213086660951375
M26,REL,ZBTB42,0.0212894324213266
M5,IRF3,ELK4,0.021222099661827
M2,ZFP28,ZNF37A,0.0212116856127977
M9,HOXB3,ZNF525,0.0211799219250679
M2,ZNF37A,ZNF347,0.0211763568222522
M25,TCF15,NR5A2,0.0211699958890676
M20,PPARA,ZKSCAN2,0.0211552623659372
M21,GRHL2,NR1H4,0.0211357120424509
M11,PGR,EBF3,0.02113195694983
M7,ZNF829,ZNF280B,0.0211227275431156
M14,ZNF280B,FOXA1,0.0210965014994144
M11,PGR,EPAS1,0.0210898295044899
M11,ZNF366,TBX2,0.0210843309760093
M22,TP63,BCL11B,0.0210691206157207
M17,CLOCK,NR1H4,0.0210671331733465
M9,HOXD3,ZFHX2,0.0209822207689285
M9,SALL2,HOXD3,0.0209799259901046
M4,ZNF135,ZFP28,0.0209525991231203
M27,RARB,TFE3,0.0208668764680624
M27,STAT6,FOXC2,0.020864313468337
M5,ELF1,ELK4,0.0208641625940799
M9,ZNF525,ZNF821,0.0208636168390512
M19,GATA5,PURG,0.0208618622273206
M6,SALL4,BBX,0.0208502430468797
M13,HHEX,ZNF738,0.0208122078329324
M20,CRAMP1,ZKSCAN2,0.0207905545830726
M15,ELF4,PLAGL1,0.0207814667373895
M3,ZNF875,ZNF607,0.0207529719918966
M4,ZNF546,ZNF599,0.0207024458795785
M2,ZNF512,ZNF664,0.0206872075796127
M9,PAX6,CSRNP2,0.020667765289545
M16,ZNF140,ZNF700,0.0206160806119442
M5,GLI3,ZNF286A,0.0205771159380674
M7,TCF12,STOX2,0.0205578468739986
M26,NFYB,NR2F2,0.020535297691822
M14,ZNF583,AR,0.0205351710319519
M7,ZNF829,ZNF649,0.0205249730497598
M15,STAT6,IRF2,0.0205227211117744
M15,ELF4,ZNF430,0.020500810816884
M26,E2F2,ZSCAN31,0.0204665772616863
M27,SPI1,ETS1,0.0204370077699422
M10,SP140,SNAI3,0.0204233042895793
M26,ZNF286A,ZNF540,0.0203702542930841
M22,RARG,KLF5,0.0203598197549581
M16,ZNF57,ZFHX3,0.0203592032194137
M6,OVOL2,MAFK,0.0203552823513746
M7,ZBTB32,STOX2,0.020257793366909
M22,SOX15,SALL1,0.0202035289257764
M25,EBF2,HOXB6,0.0201908778399229
M23,ONECUT2,NR1H4,0.0201833564788103
M7,NR6A1,ZNF343,0.0201791711151599
M24,HOXC4,NR2F2,0.0201734658330678
M21,HNF4G,BARX2,0.0201604310423135
M13,ATF5,MLXIPL,0.0201598908752203
M5,IRF3,ZNF140,0.0201358310878276
M20,SP140,ZKSCAN4,0.0201249439269304
M4,ZNF546,ZNF20,0.0200969092547893
M2,ZFP90,ZNF660,0.0200626663863658
M3,ZNF140,ZNF607,0.0200538132339715
M26,ZNF395,E2F2,0.0200409051030874
M20,ZBTB48,ZKSCAN4,0.0200266819447278
M9,ZNF525,HOXD3,0.0200067311525344
M14,EBF4,SPDEF,0.0200031083077192
M9,CSRNP2,ZNF667,0.0199889186769723
M20,TBX3,ZKSCAN2,0.0199831537902355
M23,MEIS1,PAX6,0.0199801698327064
M18,ETV2,HSF2,0.0199104528874158
M26,PRDM5,E2F2,0.0199079196900129
M7,ZNF609,ZNF280B,0.0199070088565349
M7,ZNF426,STOX2,0.0198953337967395
M7,ZNF286A,ZNF236,0.0198797266930341
M7,TCF12,ZNF280B,0.0198618527501821
M1,TBX3,ZNF25,0.0198537930846214
M7,NR6A1,STOX2,0.0198506601154804
M26,PRDM5,ZSCAN31,0.0198483746498823
M25,EBF3,MLXIPL,0.0198424141854047
M19,CASZ1,ZNF382,0.0198262594640254
M12,GLI2,MEIS3,0.019823383539915
M16,ZNF140,ZNF12,0.0198052376508712
M5,ELK4,ZNF140,0.0197827834635972
M25,HOXB6,CEBPA,0.0197761841118335
M5,CREBZF,ZBTB5,0.0197541452944278
M4,ETV2,ZNF709,0.0197532158344984
M26,MEF2B,ZSCAN31,0.0197029616683721
M21,HNF4G,NR1H4,0.0196445118635892
M1,SKI,ZNF426,0.01964021474123
M3,DMTF1,ZNF506,0.0196321681141853
M20,ZBTB48,ZNF621,0.0196265820413827
M13,PROX1,NR1H4,0.0196208786219358
M7,ZNF609,STOX2,0.0195497199892997
M10,SP140,TFEB,0.0195263493806123
M24,HOXA7,NR2F2,0.0195118207484483
M18,CASZ1,ESRRA,0.0195029005408287
M3,POGZ,ZSCAN9,0.0194964334368705
M11,ETS1,EPAS1,0.0194769222289323
M9,ZNF569,SALL2,0.0194478686898946
M24,HOXD11,HOXD3,0.0194104965776205
M13,NR1H4,ZNF486,0.019403152167797
M15,SP110,CREB3L2,0.0193764548748731
M14,IKZF1,ZNF583,0.0193490609526634
M8,CEBPA,ZNF367,0.0193486884236335
M21,OVOL1,FOXA3,0.019337298348546
M19,PURG,NPAS3,0.0193071421235799
M1,PEG3,ZNF426,0.0193048641085624
M8,ZBTB32,ZNF367,0.0192866418510675
M7,ZBTB32,ZNF426,0.0192766450345516
M5,CREBZF,CREB3L2,0.0192737393081188
M2,ZNF512,ZNF37A,0.0192314852029085
M8,MYBL2,ZNF322,0.0192301236093044
M11,ERG,STOX2,0.0191981568932533
M9,PAX6,ZNF525,0.019197205081582
M7,ZNF426,ZNF649,0.0191621296107769
M15,SP110,ELF1,0.0191492736339569
M24,HOXA10,NR2F2,0.0191434808075428
M25,TBX15,HOXB7,0.0191325061023235
M13,ZNF738,ZNF486,0.0191293880343437
M4,ZNF433,ZNF177,0.019126346334815
M14,RUNX3,ZKSCAN2,0.0191175751388072
M17,FOXH1,TFAP2E,0.0191086642444133
M3,ZNF875,ZNF783,0.0191047172993421
M18,HSF2,ESRRA,0.0190886557102203
M17,ZNF888,TFAP2E,0.0190839320421218
M8,ZNF10,ZNF322,0.0190645419061183
M18,HSF2,ZNF165,0.0190522689372301
M7,ZNF649,ZNF451,0.0190354157239198
M2,ZNF512,ZNF146,0.0190246272832155
M23,HNF1B,NR1H4,0.0190199892967939
M7,ZNF343,ZNF280B,0.01901401206851
M7,ZNF426,ZNF451,0.0190127678215503
M3,ZNF525,ZNF785,0.0190044995397329
M15,FLI1,TWIST2,0.0189953446388244
M14,ZKSCAN2,SPDEF,0.0189661681652069
M23,SALL4,NR1H4,0.0189622789621353
M3,ZNF506,ZNF607,0.0189430899918079
M13,NR1I3,HHEX,0.018904224038124
M14,NKX2-3,ZNF280B,0.0188809167593717
M17,ZNF664,NR1H4,0.0188703909516334
M23,NR5A2,HNF1B,0.01885287463665
M1,ZNF462,FOXO1,0.018835274502635
M18,ZBTB5,ZBTB47,0.0188318863511085
M2,ZNF579,ZNF664,0.0187938101589679
M18,HOXA7,MITF,0.0187684912234544
M12,NFIX,GRHL2,0.0187666304409503
M19,SOX8,GATA5,0.0187630243599414
M11,SOX17,STOX2,0.0187608115375041
M11,ETS1,EBF3,0.0187582559883594
M11,SOX18,MEIS3,0.0187448635697364
M24,HOXA3,HOXD9,0.0187352243810892
M25,CEBPA,EBF1,0.0187348760664463
M22,IRF6,BCL11B,0.0187264569103717
M18,ZNF101,HSF2,0.0187189597636461
M20,ZBTB48,ENSG00000142539,0.0186831597238779
M3,CRAMP1,ZNF891,0.0186818335205316
M5,IRF3,ZNF621,0.0186775028705596
M3,DMTF1,ZNF783,0.0186737794429063
M20,PPARA,CRAMP1,0.0186711568385362
M6,OVOL2,MZF1,0.0186708848923444
M4,ZSCAN5A,ZFP28,0.0186644382774829
M26,ZNF540,ZSCAN31,0.0186428893357515
M7,ZBTB32,TCF12,0.0186395607888698
M23,BHLHA15,IRF4,0.0186206083744764
M23,HNF1B,HNF1A,0.0185911674052476
M17,ZHX3,TFAP2E,0.0185898598283529
M19,GATA5,LRRFIP1,0.0185735821723938
M21,LBX2,NFATC1,0.018564673140645
M23,MEIS1,NR1H4,0.0185634270310401
M14,AR,SP140L,0.0185520462691783
M21,LBX2,BARX2,0.0185433309525251
M6,FOXA1,OVOL1,0.018524782732129
M8,FOXM1,MYB,0.018502315506339
M9,ZBTB9,ZNF821,0.0184611100703477
M17,CLOCK,TFAP2E,0.0184598248451948
M9,ZNF382,ZNF821,0.0184459015727043
M12,ZNF532,MEIS3,0.0184390004724264
M10,TBX21,ZNF662,0.0183981712907552
M2,ZNF347,ZNF660,0.0183784961700439
M9,ZNF382,PAX6,0.018368687480688
M23,SALL4,PAX6,0.0183679852634668
M5,ZNF765,KLF3,0.0183549281209707
M22,KLF4,KLF5,0.018325500190258
M27,SOX15,ZNF10,0.0183173306286335
M10,IKZF3,IRF8,0.0182955339550972
M21,ZNF440,BARX2,0.0182535219937562
M12,NFIX,ZNF462,0.0182500332593917
M17,ZNF181,ZNF664,0.0182345863431692
M16,ZNF700,ZFHX3,0.0182146579027175
M18,ZNF101,IRF3,0.0182058401405811
M10,ZNF662,FOXF2,0.0182023867964744
M18,POU2F2,CASZ1,0.0181209500879049
M15,TBX21,SP100,0.0180946458131074
M18,POU2F2,ZNF740,0.0180538464337587
M27,ZFP30,ZNF248,0.0180401317775249
M11,PGR,TBX2,0.018037961795926
M27,ZNF821,ZNF891,0.018021784722805
M18,IRF3,ZBTB5,0.0180178359150886
M13,ATF5,ZNF827,0.0179883055388927
M12,GLI2,OVOL2,0.0179844517260789
M13,ZNF580,HOXA10,0.0179459527134895
M5,ZNF765,CREBZF,0.0179283805191516
M8,MYBL2,ZNF430,0.0178919080644845
M16,ZBTB5,ZNF195,0.0178880766034126
M14,ZNF583,SP140L,0.0178334005177021
M20,ZBTB48,ZNF133,0.0178325548768043
M19,NR1H4,CASZ1,0.0178236309438943
M10,SP110,ZNF662,0.017815563827753
M22,RARG,IRF6,0.0177845563739538
M6,MAFK,FOXA2,0.0177708510309457
M19,SOX2,ZNF233,0.0177225489169359
M2,ZFP90,ZNF37A,0.0177152454853057
M23,HNF1B,PPARG,0.0177062917500734
M11,PGR,MEIS3,0.0177016537636518
M27,SP100,RARB,0.0176478009670972
M20,ZNF621,ZNF506,0.0176208633929491
M17,ZNF181,CASZ1,0.0175965055823326
M18,ZNF101,MITF,0.0175823513418436
M26,ZNF395,ZBTB7C,0.017556557431817
M19,ZNF382,PURG,0.0175449922680854
M21,OVOL1,BARX2,0.0175305344164371
M15,SP100,ELF1,0.0175196193158626
M11,SOX17,PKNOX2,0.0174885112792253
M15,STAT6,ZNF430,0.017483577132225
M27,SPI1,RARB,0.0174550469964742
M24,HOXD11,HOXC4,0.0174388047307729
M3,ZNF891,ZNF783,0.0174248535186052
M26,ZNF286A,E2F2,0.0174063593149185
M7,ETV2,ZNF343,0.017400212585926
M4,ETV2,ZKSCAN2,0.0173544734716415
M15,TBX21,SP110,0.0173484496772289
M14,ZNF583,FOXA1,0.0173070114105939
M18,IRF3,ZNF430,0.017304103821516
M18,ZNF101,ZBTB47,0.0172717981040477
M11,SOX17,DMRT2,0.0172637347131967
M4,ZKSCAN2,ZSCAN5A,0.0172417871654033
M11,TAL1,DMRT2,0.0172303467988967
M6,OVOL1,BBX,0.0171948447823524
M23,PPARG,HNF1A,0.0171742811799049
M17,ZNF664,CASZ1,0.0171401742845773
M19,ZNF233,NPAS3,0.0171369723975658
M17,ZNF181,NFE2L1,0.0171297099441289
M16,ZNF518A,SIX4,0.0171295460313558
M21,HNF1A,NFATC1,0.0171188693493604
M18,POU2F2,ZNF165,0.0171140283346176
M5,ELF1,ZNF621,0.0170665495097637
M14,ZNF552,SP140L,0.0170535929501056
M25,EBF2,NR5A2,0.0170282740145921
M7,ETV2,MGA,0.0170027241110801
M13,ZNF738,ZNF580,0.0169856771826744
M23,MEIS1,FOXA2,0.0169638451188802
M23,NR1H4,IRF4,0.0169620532542467
M20,CREB3L2,ZNF621,0.0169552247971296
M26,PRDM5,BACH1,0.0169432908296585
M7,ZNF426,ZNF286A,0.0169290248304605
M16,ZNF518A,ZKSCAN1,0.016875609755516
M23,FOXA2,IRF4,0.0168696176260709
M27,SP100,SOX15,0.0168384984135627
M23,TEAD4,IRF8,0.0168251134455204
M19,ZNF382,NPAS3,0.0168166682124137
M17,NFYB,ZNF280D,0.0168075039982795
M11,PGR,FLI1,0.0167729966342449
M27,SOX15,FOXC2,0.0167670827358961
M14,AR,FOXA1,0.0167640093713998
M9,ZNF821,ZFHX2,0.0167595874518156
M19,PURG,FOXD3,0.0167452488094568
M22,E2F2,HES2,0.0167420525103807
M6,EHF,KLF5,0.0167386084794998
M27,SP100,ZFP30,0.01673449203372
M4,ZKSCAN2,ZNF135,0.0167071595788002
M18,ETV2,IRF3,0.01669492572546
M3,POGZ,ZNF506,0.0166930016130208
M25,ZNF738,IRX6,0.0166912786662578
M15,TBX21,ELF4,0.0166868288069963
M6,MAFK,BBX,0.0166815742850303
M19,CASZ1,LRRFIP1,0.0166660491377115
M11,STOX2,EBF3,0.0166379418224096
M8,MRTFA,MYBL2,0.016620684415102
M19,ZNF233,PURG,0.0166032053530216
M7,ZNF829,ZNF286A,0.0165973789989948
M16,ZNF700,ZKSCAN1,0.0165920350700616
M16,ZNF700,ZNF12,0.0165785662829875
M23,BHLHA15,IRF8,0.0165570303797721
M13,DMRTA1,HOXA10,0.0165380556136369
M16,ZNF140,ZNF57,0.0165347773581743
M4,ETV2,ZNF177,0.0164996199309825
M21,NR1H4,NFATC1,0.0164866428822278
M11,SOX18,TBX2,0.0164602845907211
M11,EPAS1,EBF3,0.016441797837615
M22,IRF6,KLF4,0.0164415221661329
M15,ELF4,NR5A2,0.0164414271712303
M16,ZNF195,ZNF12,0.0164317432790994
M26,ZNF395,NFYB,0.0164277199655771
M7,ZNF829,ZNF426,0.0164030380547046
M5,ZNF286A,ELK4,0.0163738392293453
M16,ZFHX3,ZKSCAN1,0.0163601227104663
M26,TBX19,E2F2,0.0163553282618522
M7,STOX2,ZNF286A,0.0163387358188629
M22,SOX15,BCL11B,0.0163023024797439
M26,ZNF540,ZBTB42,0.0162563174962997
M11,ZNF366,MEIS3,0.0162372682243585
M14,RUNX3,ZNF583,0.0162261668592691
M20,PBX2,TBX3,0.0162029303610324
M18,ZNF740,ZBTB5,0.0161402840167284
M23,HNF1B,PAX6,0.0160870961844921
M8,CEBPA,ZNF430,0.0160593707114458
M17,ZNF181,ZNF888,0.0160537716001272
M5,KLF3,IRF3,0.0160491541028022
M15,SP100,CREB3L2,0.0160423777997493
M25,EBF3,NR5A2,0.0160196721553802
M23,FOXA1,PAX6,0.015979841351509
M7,ZBTB32,ZNF343,0.0159569047391414
M16,ZNF700,ZNF75D,0.0159476734697818
M15,SP100,NR5A2,0.0159391704946756
M14,BHLHA15,AR,0.015930512920022
M14,NKX2-3,ZKSCAN2,0.0159288011491298
M20,CREB3L2,PBX2,0.0159278213977813
M3,ZNF525,ZSCAN9,0.0159092955291271
M9,HOXD3,ZNF821,0.0159069132059812
M14,ZNF583,SPDEF,0.0158814396709203
M13,PROX1,MLXIPL,0.0158413723111152
M23,NR5A2,MEIS1,0.0158210787922143
M15,NFKB1,TWIST2,0.015772758051753
M9,ZNF569,MYT1,0.0157484095543622
M10,TBX21,NTN1,0.0157439149916172
M26,IKZF2,ZSCAN31,0.0157067701220512
M6,IRF6,ZNF675,0.0157020483165979
M23,ONECUT2,HNF1B,0.0156774278730154
M25,TBX15,STAT5A,0.0156629662960767
M4,ZKSCAN2,ZNF280B,0.0156595092266798
M20,ZKSCAN2,ZNF506,0.0156404823064804
M18,NFE2L1,ZNF430,0.0156077966094017
M20,SMAD3,ZKSCAN4,0.0156058957800269
M26,MEF2B,REL,0.0155832804739475
M11,PKNOX2,MEIS3,0.0155604695901274
M26,ZNF286A,REL,0.01555937808007
M11,TBX2,EPAS1,0.0155589999631047
M12,GLI2,ZNF462,0.0155345443636178
M23,NR5A2,FOXA2,0.0155081143602728
M22,RARG,TP63,0.0154990945011377
M8,MRTFA,MYB,0.0154979359358549
M11,TBX2,TAL1,0.0154660735279321
M4,NR6A1,ZNF709,0.0154533935710787
M24,HOXA10,IRX3,0.0154395829886198
M7,TCF12,ZNF649,0.0154363811016082
M21,NR1H4,BARX2,0.0154221430420875
M23,FOXA2,PPARG,0.0154070425778627
M13,MLXIPL,ZNF486,0.0153990983963012
M11,ZNF366,EBF3,0.0153860477730631
M15,STAT6,NR5A2,0.0153429983183741
M9,ZNF821,ZNF667,0.015342260710895
M22,GRHL1,NKX3-1,0.0153419617563486
M26,ZNF395,ZNF286A,0.0153194116428494
M18,ZBTB5,CASZ1,0.0152991982176899
M15,CREB3L2,ZNF430,0.0152981542050838
M17,ZNF888,NR1H4,0.0152938030660152
M22,ZNF396,HES2,0.0152934482321143
M17,ZNF181,TFAP2E,0.0152865462005138
M27,STAT6,TFEC,0.0152698829770088
M23,TEAD4,PPARG,0.0152666615322232
M2,ZNF568,ZNF37A,0.015220240689814
M2,ZNF579,IKZF4,0.0152191640809178
M20,ZNF621,ZNF133,0.0151639711111783
M16,ZBTB5,ZKSCAN1,0.015141237527132
M18,ZNF101,ESRRA,0.0151376044377684
M8,ZNF10,E2F2,0.0151274800300598
M8,ZNF367,ZNF322,0.0151182301342487
M26,NR2F2,ZBTB42,0.0150721883401274
M9,CSRNP2,ZNF821,0.015052649192512
M7,ZNF343,STOX2,0.0150508368387818
M12,PBX4,GRHL2,0.0150186857208609
M22,IRF6,KLF5,0.0149300284683704
M9,ZNF569,ZNF667,0.0149274626746773
M21,NR1H4,FOXA3,0.0149242654442787
M19,SOX10,LRRFIP1,0.0149120902642607
M7,MGA,ZNF280B,0.0149103486910462
M20,CREB3L2,ZKSCAN4,0.0148891676217317
M23,ONECUT2,PAX6,0.0148565014824271
M23,NR1H4,PPARG,0.0148301245644688
M23,NR5A2,ONECUT2,0.0148209603503346
M22,BCL11B,HES2,0.014813607558608
M7,ZBTB32,ZNF286A,0.0148099567741155
M14,EBF4,SP140L,0.0147790275514125
M23,NR5A2,SALL4,0.0147739490494132
M3,POGZ,ZNF607,0.0147660030052065
M24,HOXD4,HOXD3,0.0147385410964488
M22,KLF4,NKX3-1,0.0147110149264335
M7,NR6A1,TCF12,0.0147004500031471
M3,ZNF133,ZNF875,0.0146718798205256
M21,ZNF440,NFATC1,0.0146524794399738
M19,PURG,LRRFIP1,0.0146324764937162
M24,HOXA9,NR2F2,0.0146314408630132
M16,ZKSCAN1,ZNF12,0.0146265868097543
M13,PROX1,ZNF827,0.0146239567548036
M21,PPARA,HNF4G,0.0146223381161689
M16,ZNF518A,HNF1B,0.0146102979779243
M14,RUNX3,ZNF280B,0.0146016599610447
M26,PRDM5,REL,0.0145970359444618
M9,ZNF382,ZNF525,0.0145961949601769
M27,SP100,ZNF891,0.0145661570131778
M4,ZNF280B,ZNF665,0.0145442662760615
M12,GLI2,ZNF304,0.0145103875547647
M5,ZNF765,ZNF140,0.0145079912617802
M25,ZNF738,EBF1,0.0145045360550284
M22,TFAP2A,KLF4,0.0144740380346775
M5,CREBZF,GLI3,0.0144261512905359
M25,EBF2,HOXB7,0.0144088519737124
M26,REL,ZBTB7C,0.0143975280225276
M5,GLI3,IRF3,0.0143943401053547
M26,NFYB,ZSCAN31,0.0143864229321479
M17,TBX19,CASZ1,0.0143759110942482
M7,ZNF829,ZNF451,0.0143573395907878
M20,TBX3,ZNF133,0.0143549172207713
M17,NFYB,NR1H4,0.0143363419920206
M10,TBX21,SOX9,0.0143287871032953
M9,HOXB3,CSRNP2,0.0143048157915472
M20,SP140,ZKSCAN2,0.0143013121560215
M11,TBX2,STOX2,0.0142859015613794
M10,TBX21,IKZF3,0.0142846712842583
M18,ETV2,ZNF165,0.0142190335318446
M16,ADNP2,ZNF518A,0.0141783682629466
M20,ZKSCAN4,ZNF133,0.0141550097614526
M8,ZNF10,ZNF430,0.0141543736681342
M8,E2F2,ETS2,0.0141333863139152
M27,SOX15,ZNF891,0.0141194984316825
M21,HES2,NR1H4,0.0141138872131705
M15,NFKB1,ZNF430,0.0140930106863379
M14,ZKSCAN2,SP140L,0.0140909068286418
M10,SP110,SNAI3,0.0140903675928711
M10,SOX9,IKZF3,0.0140876332297921
M8,ZNF367,ETS2,0.014081654138863
M25,EBF3,EBF2,0.0140810022130608
M3,ZNF140,ZNF891,0.0140786347910761
M19,ZNF382,FOXD3,0.0140773775056004
M26,E2F2,IKZF2,0.0140726557001471
M25,IRX6,MLXIPL,0.0140639413148164
M19,GRHL2,NPAS3,0.0140534853562712
M10,LYL1,NTN1,0.0140442112460732
M10,LYL1,SP140,0.0140395071357488
M24,IRX3,HOXA3,0.0140368891879916
M24,HOXD11,HOXA4,0.0140351308509707
M16,ZBTB5,HNF1B,0.0140133192762732
M27,RARB,THRB,0.0140099711716175
M27,RARB,ZNF10,0.013997227884829
M20,ENSG00000142539,ZKSCAN2,0.0139351822435855
M14,ZNF280B,SPDEF,0.01392387971282
M13,PROX1,FOXA1,0.0139197930693626
M26,MEF2B,E2F2,0.013917519710958
M21,HNF4G,FOXA3,0.0138440821319818
M24,IRX3,HOXA4,0.0138414967805147
M9,ZNF569,HOXD3,0.013837706297636
M18,HSF2,CASZ1,0.0138336345553398
M26,REL,NFYB,0.0138314059004187
M24,HOXC4,HOXD9,0.0138150788843631
M12,MEIS3,OVOL2,0.0138123854994773
M26,ZSCAN31,ZBTB7C,0.0138062024489045
M11,PGR,ETS1,0.013803300447762
M3,ZNF140,ZSCAN9,0.0137786781415343
M17,CLOCK,ZNF664,0.0137593755498528
M18,ZNF101,CASZ1,0.0137515245005488
M27,TFEC,FOXC2,0.0137394871562719
M11,FLI1,MEIS3,0.0137196006253361
M9,ZNF382,ZNF280B,0.0137158008292317
M21,OVOL1,NFATC1,0.0137096187099814
M17,NR1H4,CASZ1,0.013708334416151
M12,ZNF532,ZNF296,0.0137024912983179
M6,OVOL1,MZF1,0.0136930532753467
M16,ZNF140,ZNF518A,0.0136821782216429
M4,ETV2,ZNF665,0.0136716999113559
M15,FLI1,IRF2,0.0136694703251123
M19,ZNF233,FOXD3,0.0136406198143959
M19,SOX8,GRHL2,0.0136380605399608
M22,KLF4,E2F2,0.0136147486045956
M10,TFEC,FOXF2,0.0136072346940636
M12,NFIX,MEIS3,0.0135991163551807
M4,ZKSCAN2,ZFP28,0.0135413650423288
M16,ZKSCAN1,SIX4,0.0135361580178141
M14,ZNF280B,SP140L,0.0135300839319825
M27,ETS1,TFE3,0.0134870382025837
M17,NFYB,ZHX3,0.0134732173755764
M10,FOXF2,IRF8,0.0134675176814198
M4,ZNF20,ZFP28,0.013467451557517
M21,FOXA1,BARX2,0.0134411286562681
M13,NR1H4,HOXA10,0.0134355556219816
M8,ZNF367,ZNF101,0.0134201571345329
M21,LBX2,FOXA3,0.0133737865835428
M15,FLI1,ZNF430,0.0133685860782861
M8,ZNF10,ZNF675,0.0133596826344728
M26,ZNF395,ZNF540,0.0133581757545471
M1,ZNF462,ZNF426,0.0133555419743061
M5,CREBZF,ELK4,0.0133153367787599
M19,GATA5,ZNF382,0.0133040137588977
M20,SMAD3,CREB3L2,0.0132749071344733
M23,NR5A2,IRF8,0.0132698360830545
M16,ADNP2,ZNF12,0.0132698230445384
M25,ZNF738,CEBPA,0.0132642434909939
M17,TFAP2E,GFI1,0.0132593130692839
M17,ZNF181,TBX19,0.0132495341822505
M17,NFYB,ZNF664,0.0131956003606319
M23,MEIS1,HNF1A,0.0131778754293918
M10,SNAI3,IRF8,0.0131775354966521
M19,ZNF233,SOX10,0.0131774293258786
M9,CSRNP2,HOXD3,0.0131686963140964
M23,ONECUT2,FOXA2,0.0131643088534474
M22,TP63,E2F2,0.0131582794710993
M9,ZBTB9,HOXD3,0.0131494188681244
M27,SP100,ZNF821,0.0131477192044258
M20,ZNF133,ZKSCAN2,0.0131468698382377
M11,TBX2,FLI1,0.0131435832008719
M26,ZNF395,ZSCAN31,0.0131321819499135
M5,CREB3L2,ZNF286A,0.0131233371794223
M27,ZFP30,TFE3,0.0131083764135837
M5,ZNF621,ELK4,0.0131056616082787
M17,ZNF181,FOXH1,0.0131008485332131
M21,GRHL2,FOXA1,0.0130793461576104
M9,ZNF525,ZNF667,0.0130460616201162
M26,ZNF286A,NFYB,0.0130361905321478
M27,STAT6,SOX15,0.0130324270576238
M7,TCF12,ZNF426,0.0130307711660861
M11,PGR,DMRT2,0.0130181070417165
M21,FOXA1,FOXA3,0.0130108632147312
M4,ZNF546,ZNF709,0.0130060277879238
M21,HNF4G,NFATC1,0.013004083186388
M4,ZKSCAN2,ZNF709,0.012973946519196
M26,NR2F2,ZSCAN31,0.0129708992317318
M12,MEIS3,GRHL2,0.0129478089511394
M4,ZKSCAN2,ZNF599,0.0129434345290064
M17,ZHX3,ZNF664,0.0129360929131507
M12,ZNF304,CASZ1,0.0129333958029747
M16,ZFHX3,ZNF12,0.0129311522468924
M13,ZNF580,FOXA1,0.0129248984158039
M5,ZNF765,ZNF525,0.0129163702949881
M23,FOXA2,IRF8,0.0129050947725772
M17,ZNF181,CLOCK,0.0128997527062892
M15,NFKB1,IRF2,0.0128819523379206
M12,NFATC4,MEIS3,0.012828498147428
M10,SP140,TFEC,0.0128270843997597
M23,NR5A2,TEAD4,0.0128262396901845
M7,STOX2,ZNF280B,0.012822107411921
M16,ZNF140,ZNF609,0.0128188645467162
M2,ZNF579,ZFP30,0.0128056015819311
M25,PPARG,HOXB6,0.012802654877305
M3,ZNF525,ZNF140,0.0128002380952239
M3,ZSCAN9,ZNF506,0.0127915749326348
M9,PAX6,ZNF569,0.0127900624647736
M11,SOX18,DMRT2,0.0127842966467142
M1,ZNF25,ZNF426,0.0127681903541088
M21,HNF1B,FOXA1,0.0127366818487644
M23,NR5A2,IRF4,0.0127195389941334
M21,HES2,LBX2,0.0127153936773538
M7,ZNF236,ZNF280B,0.012712107039988
M19,GATA5,ZNF233,0.0127032874152064
M3,ZNF506,ZNF891,0.012700343504548
M17,CLOCK,ZNF280D,0.0126934619620442
M17,FOXH1,GFI1,0.0126862516626715
M2,ZNF471,ZNF286A,0.0126859787851572
M8,ZNF430,ZNF367,0.0126840211451053
M15,NFKB1,CREB3L2,0.0126788048073649
M24,HOXD10,HOXD4,0.0126728331670165
M21,HNF1A,HES2,0.0126351891085505
M12,ZNF296,PBX4,0.0126261245459318
M3,ZNF525,ZNF891,0.0126142380759119
M26,ZNF395,REL,0.0125974444672465
M10,SOX9,FOXF2,0.0125939939171075
M15,STAT6,PLAGL1,0.0125852134078741
M4,ETV2,ZFP28,0.0125781605020165
M7,ZNF286A,ZNF280B,0.0125707034021615
M6,EHF,MAFK,0.0125677371397614
M20,SMAD3,ZNF621,0.0125606302171945
M5,GLI3,ELK4,0.0125559382140636
M12,MEIS3,ZNF462,0.0125348735600709
M15,TBX21,NR5A2,0.0125302812084555
M13,DMRTA1,MEIS1,0.0124937072396278
M12,MITF,ZNF296,0.0124701429158449
M22,BCL11B,SALL1,0.0124699603766202
M25,IRX6,NR5A2,0.012429766356945
M10,TBX21,FOXF2,0.012420387007296
M25,MLXIPL,HOXB7,0.0124111147597432
M12,ZBTB47,ZNF296,0.0123991426080465
M27,ZNF248,ZNF10,0.0123924436047673
M20,CREB3L2,ENSG00000142539,0.0123847043141722
M15,PLAGL1,ZNF430,0.0123639879748225
M13,ZNF486,HOXA10,0.0123484209179878
M16,ADNP2,ZNF75D,0.0123443119227886
M2,ZNF579,ZFP90,0.0123406900092959
M7,ETV2,ZNF236,0.0123233785852789
M11,EPAS1,DMRT2,0.0122943352907896
M24,HOXA9,HOXD9,0.012287744320929
M7,STOX2,ZNF236,0.0122815379872918
M5,ZNF765,IRF3,0.0122811440378427
M23,NR5A2,PPARG,0.0122674964368343
M8,MYB,ZNF675,0.0122649809345602
M5,ELF1,IRF3,0.012210851535201
M23,FOXA1,FOXA2,0.0122006060555577
M2,ZNF146,ZNF471,0.0121983001008629
M3,ZNF891,ZNF607,0.01216262858361
M6,ZNF675,KLF5,0.0121623072773218
M13,MLXIPL,ZNF827,0.0121339559555053
M16,ZNF518A,ZNF57,0.0121334232389926
M20,SMAD3,SP140,0.0121235409751534
M10,LYL1,SNAI3,0.0121087739244103
M20,SMAD3,ZBTB48,0.0120962122455239
M25,ZNF738,TCF15,0.0120907006785273
M21,FOXA1,HES2,0.012089773081243
M7,ETV2,ZNF609,0.0120827825739979
M20,PBX2,CRAMP1,0.0120239937677979
M27,SP100,ZNF10,0.0120049128308892
M23,TEAD4,HNF1A,0.0119939828291535
M27,ETS1,SOX15,0.0119810355827212
M9,CSRNP2,SALL2,0.0119741093367338
M23,NR1H4,IRF8,0.0119489952921867
M14,EBF4,ZNF552,0.0119404653087258
M25,TCF15,EBF2,0.0119294533506035
M17,FOXH1,NR1H4,0.0119032124057412
M19,ZNF536,IRX5,0.0118898265063762
M19,ZNF382,LRRFIP1,0.0118198003619909
M12,ZNF462,OVOL2,0.0118166729807853
M4,ETV2,ZNF20,0.0117896748706698
M8,E2F7,ZNF322,0.0117764733731746
M12,ZNF462,GRHL2,0.0117667093873023
M13,FOXA1,MEIS1,0.0117497695609927
M23,PAX6,PPARG,0.0117301801219582
M21,HNF1B,PPARA,0.0117289945483207
M4,ZNF546,ZKSCAN2,0.011714139021933
M26,REL,ZSCAN31,0.0117077361792325
M19,CASZ1,PURG,0.0116759072989225
M19,CASZ1,ZNF233,0.0116566373035311
M20,PBX2,ENSG00000142539,0.0116413123905658
M25,TBX15,EBF1,0.0116310762241482
M8,ZNF10,MYB,0.0116295050829648
M6,EHF,ZNF675,0.0115754939615726
M13,ZNF827,MEIS1,0.0115496292710304
M8,CEBPA,ZNF675,0.011532237753272
M19,LRRFIP1,NPAS3,0.0115190492942929
M16,ZNF75D,ZKSCAN1,0.0115093039348721
M4,NR6A1,ZNF665,0.0115059567615389
M15,TBX21,ZNF430,0.0114954868331551
M19,NR1H4,SOX10,0.0114859249442815
M20,SMAD3,PPARA,0.0114434147253632
M13,ZNF827,HOXA10,0.0114202881231904
M25,TCF15,STAT5A,0.0113715417683124
M15,FLI1,ELF1,0.0113616045564413
M23,ONECUT2,IRF8,0.0113380877301096
M23,FOXA2,HNF1A,0.0113336825743317
M2,ZNF579,POGZ,0.0113257952034473
M8,ZBTB32,MYBL2,0.0113255223259329
M9,ZNF382,SALL2,0.0113247875124216
M7,TCF12,ZNF451,0.011321123689413
M16,ZNF75D,SIX4,0.0113189406692981
M23,IRF4,TEAD4,0.0112824700772762
M6,FOXA1,MAFK,0.0112769128754735
M25,TCF15,IRX6,0.0112757897004485
M11,FLI1,PKNOX2,0.0112698748707771
M10,NTN1,SP110,0.0112537406384944
M11,TBX2,DMRT2,0.0112472344189882
M21,ZNF440,FOXA3,0.0112389763817191
M10,LYL1,TFEB,0.0112318657338619
M17,NR1H4,GFI1,0.0112225115299224
M10,SP110,SP140,0.0112068792805075
M23,FOXA1,HNF1A,0.0111999921500682
M10,LYL1,IKZF3,0.0111738070845603
M3,ZNF875,ZNF506,0.0111685302108526
M10,NTN1,SP140,0.0111654391512274
M27,SPI1,ZNF821,0.0111579354852437
M13,MLXIPL,ZNF580,0.0111413821578025
M15,NR5A2,IRF2,0.0111357793211936
M2,ZNF37A,ZNF660,0.0111265620216727
M12,ZNF296,GLI2,0.0111092403531074
M3,ZSCAN9,ZNF607,0.0111050195991992
M2,ZNF37A,ZNF664,0.0111049422994256
M23,SALL4,IRF4,0.0110646896064281
M7,ZNF829,STOX2,0.0110446522012352
M8,ZNF10,MRTFA,0.0110311973839998
M2,ZNF579,ZNF347,0.0110276136547327
M13,FOXA1,HNF1B,0.0110109876841306
M23,SALL4,IRF8,0.0109854508191347
M21,OVOL1,LBX2,0.0109846675768494
M8,MYB,ZNF322,0.0109518906101584
M17,ZNF280D,ESRRA,0.0109185520559549
M16,ZBTB5,ZNF518A,0.0109122423455119
M23,ONECUT2,TEAD4,0.0109019828960299
M15,SPI1,ZNF430,0.0108711244538426
M8,ZNF675,ZNF101,0.0108384955674409
M19,GRHL2,LRRFIP1,0.0108326766639947
M25,CEBPA,HOXB7,0.0108300754800438
M7,NR6A1,ZNF286A,0.0108298072591423
M23,HNF1B,IRF4,0.0107968179509043
M21,NFATC1,FOXA3,0.0107920644804835
M3,ZNF785,ZNF607,0.0107667734846472
M13,ATF5,HHEX,0.0107423122972249
M15,TBX21,IRF2,0.0107382927089929
M6,OVOL1,ZNF675,0.0107228811830282
M9,ZBTB9,SALL2,0.0107110319659113
M13,ZNF486,HNF1B,0.0107091926038265
M17,NFYB,TBX19,0.01070814486593
M7,ETV2,TCF12,0.010697646997869
M19,NR1H4,LRRFIP1,0.0106890080496668
M8,ZNF430,ZNF322,0.0106612732633948
M20,SP140,ZNF621,0.0106585277244448
M23,IRF4,IRF8,0.0106397280469536
M20,PPARA,ZNF621,0.01063874643296
M27,TFEC,ZNF821,0.0106336353346705
M13,NR1H4,ZNF827,0.0106326974928379
M22,TFAP2C,SALL1,0.0106271961703896
M7,NR6A1,ZNF426,0.0106154978275299
M18,ETV2,ZBTB5,0.0105910254642367
M15,SP110,ZNF430,0.0105790570378303
M23,FOXA1,PPARG,0.0105605386197566
M24,HOXA10,ZFP2,0.0105548687279224
M19,GRHL2,PURG,0.0105542792007327
M15,FLI1,CREB3L2,0.0105538321658968
M9,ZNF569,ZNF525,0.0105527462437748
M23,MEIS1,TEAD4,0.0105517599731683
M22,SALL1,HES2,0.0105511359870433
M17,NFYB,ZNF181,0.0105423629283905
M15,PLAGL1,TWIST2,0.0105411596596241
M23,ONECUT2,IRF4,0.0105381002649664
M23,NR1H4,TEAD4,0.0105354962870478
M21,HNF1B,HES2,0.0105257127434015
M23,ONECUT2,PPARG,0.0105068376287817
M20,SMAD3,PBX2,0.0105038071051239
M20,PPARA,ZNF506,0.0105036161839962
M17,ZNF181,ZHX3,0.0105022955685853
M19,GRHL2,ZNF382,0.0104890214279294
M19,NR1H4,ZNF536,0.0104812206700444
M8,MYB,CEBPA,0.010449037887156
M23,MEIS1,IRF8,0.0104293776676058
M21,BARX2,FOXA3,0.0104242376983165
M5,PLAGL1,ZNF621,0.010415912605822
M19,GATA5,GRHL2,0.0103899408131837
M22,E2F2,SALL1,0.0103764906525611
M7,ZNF609,ZNF286A,0.0103760147467255
M6,EHF,MZF1,0.0103724608197808
M19,CASZ1,IRX5,0.0103639746084809
M22,E2F2,KLF5,0.0103622702881693
M17,NFYB,CASZ1,0.0103493966162204
M20,ZKSCAN4,ENSG00000142539,0.0102912196889519
M26,E2F2,NFYB,0.0102839143946766
M26,BACH1,NFYB,0.0102788694202899
M10,TFEB,FOXF2,0.0102775981649756
M25,PPARG,HOXB7,0.0102445511147379
M19,IRX5,GRHL2,0.01023864839226
M25,TCF15,FOXJ1,0.0102293929085135
M22,KLF4,HES2,0.0101872505620121
M22,RARG,TFAP2C,0.0101295169442892
M2,ZNF579,ZFP28,0.010127143934369
M9,ST18,ZNF569,0.0101129841059446
M20,PPARA,ENSG00000142539,0.0100948736071586
M7,ETV2,ZNF280B,0.0100912023335695
M24,HOXD10,HOXC4,0.0100618908181786
M11,TBX2,PKNOX2,0.0100512960925698
M3,ZNF525,ZNF875,0.0100028421729803
M13,NR1I3,ZNF486,0.0099923573434352
M19,ZNF233,LRRFIP1,0.0099888406693935
M18,ETV2,MITF,0.0099847968667745
M18,MITF,ZNF165,0.0099823772907257
M16,ZNF12,SIX4,0.0099713895469903
M22,SALL1,NKX3-1,0.0099537866190075
M15,TBX21,TWIST2,0.0099536161869764
M8,ZBTB32,ZNF10,0.0099520562216639
M27,TFEC,ZNF891,0.0099433362483978
M23,PAX6,IRF4,0.0099369101226329
M2,ZNF37A,ZNF286A,0.0099325347691774
M22,RARG,KLF4,0.0099270371720194
M21,HNF4G,LBX2,0.0099184159189462
M15,STAT6,TBX21,0.0099152810871601
M13,ZNF738,ZNF827,0.0099150957539677
M24,HOXD9,HOXD3,0.0099055282771587
M24,NR2F2,HOXD3,0.0098999114707112
M8,ZNF10,ZNF101,0.0098964348435401
M24,ZFP2,HOXA4,0.0098939146846532
M25,PPARG,EBF1,0.0098856762051582
M27,FOXC2,ZNF10,0.0098519418388605
M23,PAX6,TEAD4,0.0098492121323943
M24,HOXD10,HOXA4,0.0098248459398746
M6,OVOL2,ZNF675,0.0098236817866563
M18,POU2F2,ZBTB5,0.0098188444972038
M24,HOXA6,NR2F2,0.009815476834774
M8,ZNF322,ETS2,0.009812606498599
M22,KLF5,NKX3-1,0.0097937770187854
M17,ZNF664,GFI1,0.0097898766398429
M22,TFAP2C,NKX3-1,0.0097780665382742
M22,KLF4,ZNF396,0.0097735077142715
M10,TFEC,IRF8,0.0097688166424632
M10,SP110,TFEC,0.0097430534660816
M18,ZBTB5,ZNF430,0.0097300866618752
M20,ZKSCAN4,ZNF621,0.0096888532862067
M16,ZNF700,ZNF609,0.0096663329750299
M10,LYL1,IRF8,0.0096599161624908
M7,ZNF451,ZNF286A,0.0096586216241121
M20,TBX3,ZNF506,0.0096556078642606
M20,SMAD3,TBX3,0.0096539054065942
M22,KLF4,SALL1,0.0096359970048069
M10,SOX9,TFEC,0.0096349408850073
M17,GFI1,CASZ1,0.0096251526847481
M13,ATF5,ZNF486,0.0096149798482656
M21,HNF1B,GRHL2,0.0095879975706338
M27,ETS1,FOXC2,0.0095656253397464
M4,ZNF280B,ZFP28,0.0095595568418502
M18,ZNF101,POU2F2,0.0095524052157998
M25,STAT5A,IRX6,0.009550143033266
M16,ZBTB5,SIX4,0.009533598087728
M23,FOXA1,ONECUT2,0.0095222266390919
M11,ETS1,DMRT2,0.0095024658367037
M17,ZHX3,CASZ1,0.0094921914860606
M25,EBF3,STAT5A,0.0094883861020207
M12,PBX4,ZNF304,0.0094777038320899
M17,FOXH1,TBX19,0.0094694318249821
M8,MRTFA,ZNF430,0.0094455918297171
M16,ZNF518A,ZFHX3,0.0094437487423419
M6,OVOL1,SALL4,0.0094379531219601
M25,EBF3,ZNF738,0.0094262920320034
M27,ZNF821,THRB,0.0094188693910837
M24,ZFP2,HOXD4,0.0094181466847658
M10,NTN1,ZNF662,0.0094176651909947
M26,ZNF286A,ZSCAN31,0.0094114849343895
M7,ETV2,STOX2,0.0094101037830114
M15,NFKB1,NR5A2,0.0093816416338086
M4,ZKSCAN2,ZNF20,0.0093580791726708
M11,EPAS1,MEIS3,0.009342735633254
M17,ZHX3,FOXH1,0.0092685976997017
M18,IRF3,POU2F2,0.0092621427029371
M21,PPARA,BARX2,0.0092618865892291
M22,KLF5,BCL11B,0.009257486090064
M21,HNF1B,LBX2,0.0092392126098275
M8,ZNF10,CEBPA,0.0092372186481952
M27,STAT6,ETS1,0.0092218592762947
M27,ZNF891,ZNF10,0.0092122890055179
M13,ZNF827,ZNF486,0.0092120999470353
M21,FOXA1,NFATC1,0.0092112347483634
M20,TBX3,CRAMP1,0.0092098368331789
M16,HNF1B,ZNF12,0.0092082992196083
M27,ETS1,RARB,0.0092071471735835
M17,CLOCK,ZNF888,0.0092052100226283
M20,TBX3,ENSG00000142539,0.0092048132792115
M11,PGR,STOX2,0.00920120626688
M1,OVOL2,ZNF426,0.0091873053461313
M24,HOXD10,HOXA3,0.0091633107513189
M24,ZFP2,HOXC4,0.0091560175642371
M22,E2F2,BCL11B,0.0091470964252948
M7,ZNF451,ZNF280B,0.0091137513518333
M10,NTN1,TFEC,0.0091091701760888
M27,TFEC,ZFP30,0.0091089066118001
M21,HNF1B,NFATC1,0.0090933265164494
M18,ZBTB5,ZNF165,0.0090792793780565
M10,SOX9,SP140,0.009070592932403
M15,NFKB1,ELF1,0.0090677114203572
M12,GRHL2,ZNF304,0.0090639712288975
M19,GATA5,SOX10,0.0090637439861893
M9,ZNF569,ZNF280B,0.0090583628043532
M9,HOXD3,ZNF280B,0.0090407831594347
M13,HOXA10,FOXA1,0.0090280957520008
M3,ZSCAN9,ZNF891,0.0090248230844736
M4,ZNF433,ZFP28,0.0090236356481909
M13,HHEX,ZNF827,0.0090199317783117
M21,NFATC1,BARX2,0.0089834472164511
M11,PKNOX2,TAL1,0.008961459621787
M22,IRF6,E2F2,0.0089597180485725
M15,SP100,TWIST2,0.0089385770261287
M3,ZNF891,ZNF785,0.0089378245174884
M3,ZNF140,ZNF875,0.0089266840368509
M21,HNF1A,BARX2,0.008918129839003
M21,FOXA1,LBX2,0.0089158602058887
M13,PROX1,ZNF486,0.0089151272550225
M27,ZNF821,ZNF248,0.0089037809520959
M23,HNF1B,TEAD4,0.0088881496340036
M11,PKNOX2,STOX2,0.0088670123368501
M15,SP100,PLAGL1,0.008865276351571
M21,GRHL2,HES2,0.008859341032803
M27,ETS1,ZNF10,0.0088472804054617
M27,SP100,THRB,0.008826439268887
M10,TBX21,TFEB,0.0087998714298009
M20,SMAD3,ZNF133,0.0087929861620068
M24,HOXA3,HOXD11,0.0087910499423742
M7,ETV2,ZNF286A,0.008780607022345
M12,MITF,ZNF304,0.0087774991989135
M25,EBF2,EBF1,0.0087679699063301
M4,ZNF546,ZNF665,0.0087592685595154
M12,NFATC4,GRHL2,0.008758652023971
M27,SP100,STAT6,0.0087482342496514
M19,GATA5,FOXD3,0.008741270750761
M7,NR6A1,ZNF236,0.0087249753996729
M5,ZNF765,ZNF286A,0.0087142856791615
M27,ZNF891,ZNF248,0.0086922785267233
M10,LYL1,ZNF662,0.0086853774264454
M24,HOXA6,ZFP2,0.0086830062791705
M9,ZNF569,HOXB3,0.0086694695055484
M22,IRF6,ZNF396,0.0086668385192751
M17,FOXH1,CASZ1,0.0086455978453159
M10,NTN1,FOXF2,0.0086383894085884
M10,SNAI3,TFEB,0.0086058098822832
M15,SP100,IRF2,0.0085955690592527
M23,IRF4,PPARG,0.0085938097909092
M17,CLOCK,ZHX3,0.0085830809548497
M12,MEIS3,ZNF304,0.0085410056635737
M11,TAL1,STOX2,0.0085346493870019
M17,NFYB,FOXH1,0.0085235266014933
M20,SMAD3,ZKSCAN2,0.0085226846858859
M16,ZNF75D,ZNF57,0.0085106920450925
M22,SOX15,ZNF396,0.0085062505677342
M23,FOXA1,MEIS1,0.0084999836981296
M23,MEIS1,PPARG,0.0084852585569024
M19,GRHL2,ZNF233,0.0084628863260149
M16,ZNF518A,ZNF12,0.0084445923566818
M13,MLXIPL,HOXA10,0.0084168901666998
M11,ETS1,MEIS3,0.0084089050069451
M11,ETS1,STOX2,0.0084010930731892
M7,ZBTB32,ZNF451,0.0083917453885078
M19,GRHL2,SOX10,0.0083869816735386
M27,SOX15,ZNF821,0.0083830812945961
M27,THRB,FOXC2,0.0083759361878037
M15,CREB3L2,ELF1,0.0083466591313481
M16,ZBTB5,ZNF609,0.0083041219040751
M27,RARB,ZNF248,0.0083037344738841
M25,EBF1,MLXIPL,0.008299071341753
M10,SNAI3,ZNF662,0.0082919178530573
M17,CLOCK,GFI1,0.008270276710391
M11,PKNOX2,EBF3,0.0082406662404537
M15,CREB3L2,TWIST2,0.0082273967564105
M10,SNAI3,IKZF3,0.0082071125507354
M13,DMRTA1,ZNF827,0.008201103657484
M11,ZNF366,PKNOX2,0.0081896428018808
M8,ZBTB32,ETS2,0.0081894835457205
M9,CSRNP2,ZNF280B,0.0081864669919013
M25,ZNF738,STAT5A,0.0081803910434246
M5,ZNF765,ZNF621,0.0081715239211916
M16,ZBTB5,ZNF140,0.0081448908895254
M27,TFEC,THRB,0.0081440536305308
M11,ZNF366,DMRT2,0.0081239929422736
M17,ZNF664,TFAP2E,0.0081203039735555
M18,ETV2,ZNF430,0.0081143658608198
M15,SP110,NR5A2,0.0080896141007542
M9,ZNF382,ZNF569,0.0080646388232707
M8,ZBTB32,ZNF322,0.0080096293240785
M2,ZNF579,ZNF660,0.0080045824870467
M13,DMRTA1,ZNF580,0.0079962220042943
M17,NFYB,CLOCK,0.0079897940158844
M24,HOXA7,IRX3,0.0079767731949687
M27,SPI1,ZFP30,0.0079760737717151
M11,TAL1,MEIS3,0.0079629998654127
M22,SOX15,NKX3-1,0.0079207848757505
M24,IRX3,HOXC4,0.0079203946515917
M27,RARB,ZNF891,0.0079201329499483
M8,ZBTB32,ZNF675,0.0079194251447916
M8,E2F7,ETS2,0.0079041896387934
M22,ZNF396,SALL1,0.0078929206356406
M24,ZFP2,HOXD3,0.0078717852011322
M7,ETV2,ZNF451,0.0078554432839155
M16,ZNF700,ZNF518A,0.0078522274270653
M13,PROX1,DMRTA1,0.0078438278287649
M27,TFEC,RARB,0.0078099244274199
M25,IRX6,FOXJ1,0.0078040319494903
M25,EBF3,FOXJ1,0.0077861850149929
M11,TBX2,MEIS3,0.0077854422852396
M18,HSF2,ZNF430,0.0077807758934795
M19,ZNF382,ZNF233,0.0077746813185513
M15,TBX21,CREB3L2,0.0077538173645734
M2,ZNF579,ZNF512,0.0077515393495559
M11,PKNOX2,DMRT2,0.0077427788637578
M11,PKNOX2,EPAS1,0.0077369892969727
M17,ZNF280D,FOXH1,0.00771349016577
M10,TFEB,ZNF662,0.0077114976011216
M16,ZNF518A,ZNF609,0.0077035319991409
M8,CEBPA,ZNF101,0.0076956790871918
M11,EPAS1,STOX2,0.0076904580928385
M2,ZNF579,ZNF37A,0.0076616937294602
M19,NR1H4,SOX2,0.0076513458043336
M8,MRTFA,ETS2,0.0076436563394963
M9,ZNF382,ZBTB9,0.007641720585525
M13,PROX1,HHEX,0.0076068984344601
M9,ZBTB9,ZNF280B,0.007586998399347
M23,PAX6,IRF8,0.00758194969967
M9,ZNF569,ZNF821,0.0075603961013257
M24,ZFP2,HOXA3,0.0075325174257159
M10,SOX9,NTN1,0.0075155077502131
M24,HOXD4,NR2F2,0.0075087351724505
M17,ZNF888,TBX19,0.0074926353991031
M19,NR1H4,PURG,0.0074891070835292
M22,RARG,NKX3-1,0.0074873859994113
M21,GRHL2,ZNF440,0.0074486131779849
M11,STOX2,MEIS3,0.0074483971111476
M25,ZNF738,HOXB6,0.0074470485560595
M19,NR1H4,NPAS3,0.0074307769536972
M16,ZBTB5,ZNF12,0.0074270232580602
M17,CLOCK,CASZ1,0.0074126585386693
M23,MEIS1,IRF4,0.0074110208079218
M20,CREB3L2,CRAMP1,0.0074056219309568
M17,NFYB,GFI1,0.0073784478008747
M22,TFAP2A,SALL1,0.0073766317218542
M7,ZNF426,ZNF280B,0.0073304595425724
M23,IRF8,PPARG,0.0073227328248322
M3,DMTF1,ZSCAN9,0.0073139159940183
M18,ZNF101,ZNF430,0.0073041296564042
M22,KLF4,BCL11B,0.007302620448172
M2,ZNF579,ZNF286A,0.0072930729947984
M21,HES2,NFATC1,0.0072646047919988
M18,ZNF740,ZNF430,0.0072614313103258
M23,SALL4,ONECUT2,0.007241440936923
M22,TFAP2A,NKX3-1,0.0072412984445691
M11,EBF3,MEIS3,0.0072221690788865
M16,ZBTB5,ZFHX3,0.0072221290320158
M25,EBF3,TBX15,0.0072116958908736
M22,TFAP2C,BCL11B,0.0071968673728406
M19,CASZ1,GATA5,0.0071967751719057
M2,ZNF579,ZNF471,0.0071944259107112
M17,ZNF280D,TFAP2E,0.0071589727886021
M5,KLF3,ZNF621,0.0071579557843506
M12,NFIX,ZNF304,0.0071530365385115
M6,BBX,NKX2-3,0.0071417135186493
M24,NR2F2,HOXA4,0.0071392846293747
M12,ZNF296,OVOL2,0.0071259271353483
M25,IRX6,HOXB7,0.0071255136281251
M17,NFYB,TFAP2E,0.0071213827468454
M21,HNF1B,HNF4G,0.0071208947338163
M25,HOXB6,MLXIPL,0.0070927059277892
M3,ZNF875,ZNF891,0.0070883822627365
M27,STAT6,ZNF10,0.0070881997235119
M23,FOXA1,TEAD4,0.0070760021917521
M20,SMAD3,CRAMP1,0.0070531787350773
M10,NTN1,IKZF3,0.0070467358455061
M5,KLF3,ELK4,0.0070411865599453
M25,STAT5A,HOXB7,0.0070351129397749
M20,ZKSCAN4,ZNF506,0.0070324619300663
M21,HNF4G,HES2,0.0070137130096554
M11,DMRT2,EBF3,0.007005276158452
M4,ZNF546,ZFP28,0.0069900820963084
M11,ETS1,PKNOX2,0.006986818742007
M6,MAFK,NKX2-3,0.0069528776220977
M27,STAT6,ZNF248,0.0069507993757724
M21,HNF1B,ZNF440,0.0069483332335948
M24,HOXD10,NR2F2,0.006943208631128
M17,ZHX3,ZNF888,0.0069277207367122
M19,IRX5,NPAS3,0.0069259391166269
M12,GLI2,GRHL2,0.0069105406291782
M22,ZNF396,NKX3-1,0.0069099008105695
M15,TWIST2,IRF2,0.0069077415391802
M27,THRB,ZNF248,0.0068949968554079
M22,NKX3-1,HES2,0.0068645714782178
M3,ZNF875,ZNF785,0.0068531860597431
M24,HOXA9,HOXD10,0.0068485075607895
M21,PPARA,ZNF440,0.0067910207435488
M15,STAT6,ELF1,0.006790267303586
M19,IRX5,ZNF233,0.0067866663448512
M27,ZNF821,FOXC2,0.0067748068831861
M10,SNAI3,TFEC,0.0067641306668519
M20,CREB3L2,ZKSCAN2,0.0067635490559041
M7,STOX2,ZNF451,0.0067549832165241
M18,POU2F2,MITF,0.0067434734664857
M19,IRX5,LRRFIP1,0.0067099253647029
M3,POGZ,ZNF875,0.0066939620301127
M12,NFATC4,ZNF296,0.0066771758720278
M25,EBF1,NR5A2,0.0066560893319547
M8,MRTFA,E2F7,0.0066489093005657
M24,HOXD11,HOXD9,0.0066388160921633
M22,RARG,SALL1,0.0066336416639387
M19,IRX5,SOX10,0.0066196657717227
M24,HOXD9,HOXA4,0.0065901083871722
M22,TFAP2A,IRF6,0.0065539735369384
M8,E2F2,MYB,0.006546476855874
M15,TBX21,PLAGL1,0.0065362094901502
M11,ETS1,TBX2,0.0065245628356933
M11,ZNF366,STOX2,0.0064870347268879
M10,NTN1,IRF8,0.0064503904432058
M8,ZBTB32,E2F2,0.0064466688781976
M12,ZNF462,ZNF304,0.0063990945927798
M4,ZKSCAN2,ZNF177,0.0063988696783781
M22,IRF6,SALL1,0.0063877254724502
M13,ZNF827,FOXA1,0.0063797552138566
M21,PPARA,GRHL2,0.0063782758079469
M27,SOX15,ZFP30,0.006363813765347
M17,ZNF181,GFI1,0.0063636433333158
M7,ETV2,ZNF426,0.0063559631817042
M27,SOX15,THRB,0.0063503496348857
M17,FOXH1,ZNF664,0.0063485563732683
M15,NFKB1,PLAGL1,0.0063367700204253
M21,GRHL2,NFATC1,0.0063356906175613
M15,ELF1,NR5A2,0.006333275232464
M4,ZKSCAN2,ZNF665,0.0063193379901349
M21,HES2,ZNF440,0.0063192672096192
M15,TWIST2,ZNF430,0.0062487171962857
M27,ETS1,ZFP30,0.0061615095473825
M11,STOX2,DMRT2,0.0061514033004641
M13,ATF5,FOXA1,0.006122859660536
M6,SALL4,NKX2-3,0.0061192763969302
M10,NTN1,TFEB,0.0060719717293977
M20,SMAD3,ZNF506,0.0060410029254853
M17,ZHX3,ZNF280D,0.006038948893547
M23,IRF4,HNF1A,0.0060378266498446
M12,ZNF296,ZNF462,0.0060322596691548
M19,CASZ1,GRHL2,0.006029148120433
M10,SP110,TFEB,0.0060022962279617
M25,EBF3,IRX6,0.0059947539120912
M23,HNF1B,IRF8,0.0059815500862896
M12,PBX4,ZNF462,0.0059702140279114
M16,ZBTB5,ZNF700,0.0059355860576033
M21,LBX2,ZNF440,0.0059309625066816
M20,ZKSCAN4,CRAMP1,0.0059258230030536
M10,TFEB,IKZF3,0.0059168543666601
M9,ZBTB9,ZNF667,0.0059133260510861
M22,E2F2,NKX3-1,0.0059114624746143
M23,SALL4,TEAD4,0.0058905947953462
M8,ZBTB32,ZNF430,0.0058841155841946
M20,TBX3,ZNF621,0.0058753355406224
M21,PPARA,FOXA3,0.0058598099276423
M17,ZNF888,CASZ1,0.0058334306813776
M22,RARG,BCL11B,0.0058214110322296
M27,RARB,FOXC2,0.0058164680376648
M1,FOXO1,ZNF426,0.0058085536584258
M27,ETS1,ZNF891,0.0057970704510807
M8,ZBTB32,ZNF101,0.0057863239198923
M18,MITF,ZBTB5,0.0057853180915117
M19,NR1H4,IRX5,0.0057806028053164
M25,EBF3,HOXB6,0.0057761943899095
M24,HOXA9,HOXD11,0.0057284515351057
M19,LRRFIP1,FOXD3,0.0057216938585042
M13,NR1H4,FOXA1,0.0057158465497195
M23,SALL4,PPARG,0.0057081580162048
M23,FOXA1,NR1H4,0.0057048769667744
M27,ZNF891,THRB,0.0056778080761432
M8,ETS2,ZNF101,0.0056129251606762
M8,ZBTB32,CEBPA,0.0056097251363098
M25,STAT5A,FOXJ1,0.0056080282665789
M27,ZNF891,FOXC2,0.0055955671705305
M17,TFAP2E,CASZ1,0.0055929981172084
M19,GRHL2,FOXD3,0.0055890846997499
M15,ELF1,PLAGL1,0.005585306789726
M18,IRF3,ZNF165,0.0055669420398771
M16,ZNF609,ZNF12,0.0055234245955944
M19,SOX8,IRX5,0.0055034304969012
M19,NR1H4,GRHL2,0.0054645901545882
M25,EBF3,EBF1,0.0054621524177491
M24,IRX3,HOXD3,0.0054476531222462
M22,RARG,E2F2,0.0054438333027064
M27,SPI1,ZNF891,0.0054311845451593
M22,TFAP2C,E2F2,0.0054105003364384
M8,ZBTB32,MYB,0.0053912443108856
M21,HES2,FOXA3,0.0053740972653031
M22,BCL11B,NKX3-1,0.0053628194145858
M13,PROX1,HOXA10,0.0053559048101305
M10,SOX9,IRF8,0.0053436527960002
M25,ZNF738,NR5A2,0.0053434772416949
M8,MRTFA,ZNF322,0.0053391451947391
M11,DMRT2,MEIS3,0.0053200316615402
M22,TFAP2A,BCL11B,0.0053132539615035
M27,ETS1,THRB,0.0052953418344259
M10,SOX9,ZNF662,0.0052886200137436
M24,ZFP2,HOXD9,0.0052876202389597
M22,ZNF396,BCL11B,0.0052573666907846
M12,ZNF296,ZNF304,0.0052537601441144
M10,IKZF3,FOXF2,0.0052516437135636
M8,MYB,ETS2,0.0052497922442853
M20,ZNF621,ZKSCAN2,0.0051969452761113
M17,ZHX3,NR1H4,0.0051940907724201
M21,PPARA,NFATC1,0.0051866201683878
M27,THRB,ZNF10,0.0051841284148395
M20,SMAD3,ENSG00000142539,0.005181489046663
M27,STAT6,ZNF821,0.005163989495486
M10,SP110,IRF8,0.0051557188853621
M13,DMRTA1,ZNF486,0.0051417774520814
M11,FLI1,STOX2,0.0051140757277607
M24,IRX3,NR2F2,0.0051116277463734
M10,TFEB,TFEC,0.0050852634012699
M13,HHEX,ZNF486,0.0050818277522921
M10,ZNF662,IRF8,0.0050369417294859
M10,LYL1,TFEC,0.0050352890975773
M24,ZFP2,NR2F2,0.0049965330399572
M12,ZNF296,MEIS3,0.0049963202327489
M15,CREB3L2,NR5A2,0.0049848537892103
M27,RARB,ZNF821,0.0049703437834978
M2,ZNF37A,ZNF471,0.0049622626975178
M25,HOXB6,IRX6,0.0049533252604305
M18,IRF3,MITF,0.004938421305269
M25,HOXB6,FOXJ1,0.0049082078039646
M24,ZFP2,HOXD11,0.0049056513234972
M18,ZNF101,ZBTB5,0.0049014659598469
M27,ZFP30,ZNF10,0.004880859516561
M8,CEBPA,ZNF322,0.0048763137310743
M21,HNF4G,GRHL2,0.0048685963265597
M27,RARB,ZFP30,0.0048617147840559
M19,IRX5,FOXD3,0.0048491270281374
M21,GRHL2,LBX2,0.0048422180116176
M8,MYB,ZNF430,0.0047924979589879
M25,IRX6,EBF1,0.0047892364673316
M27,ZNF821,ZFP30,0.0047697848640382
M17,ZNF280D,CASZ1,0.0047684703022241
M17,ZNF280D,NR1H4,0.0047603943385183
M21,PPARA,OVOL1,0.0047589116729795
M22,IRF6,NKX3-1,0.0047481851652264
M2,ZNF579,ZNF568,0.0046988413669168
M15,TWIST2,NR5A2,0.004628449678421
M16,ZBTB5,ZNF75D,0.0046276873908936
M4,ZNF433,ZKSCAN2,0.0046008918434381
M24,HOXD9,NR2F2,0.0045999796129763
M24,IRX3,HOXD4,0.004587038885802
M27,ETS1,ZNF248,0.0045785889960825
M15,CREB3L2,IRF2,0.0045627318322658
M27,ZNF821,ZNF10,0.0045363171957433
M13,DMRTA1,FOXA1,0.0045195952989161
M25,EBF3,TCF15,0.0044994410127401
M25,HOXB6,NR5A2,0.0044871037825942
M17,ZNF280D,TBX19,0.0044610518962144
M17,NFYB,ZNF888,0.0044597927480936
M24,ZFP2,HOXD10,0.0044508315622806
M6,OVOL2,SALL4,0.0044058714993298
M15,PLAGL1,NR5A2,0.0043909223750233
M25,STAT5A,EBF1,0.0043684290722012
M17,CLOCK,FOXH1,0.0043295701034367
M13,DMRTA1,ZNF738,0.0042926017194986
M21,PPARA,HES2,0.00428066868335
M8,MRTFA,CEBPA,0.0042592375539243
M15,ZNF430,IRF2,0.004254987463355
M19,NR1H4,ZNF382,0.004250852856785
M19,GATA5,IRX5,0.0042366324923932
M24,HOXA9,IRX3,0.0041916240006685
M15,TBX21,ELF1,0.0041657234542071
M12,OVOL2,ZNF304,0.0041397656314074
M10,SP110,FOXF2,0.0041205142624676
M17,ZNF280D,ZNF664,0.0041023422963917
M21,GRHL2,BARX2,0.0040816580876708
M25,ZNF738,FOXJ1,0.0040674139745533
M6,MAFK,ZNF675,0.0040614660829305
M19,NR1H4,SOX8,0.0040582125075161
M15,CREB3L2,PLAGL1,0.0040399529971182
M27,STAT6,RARB,0.0039996886625885
M17,ZHX3,GFI1,0.003955622203648
M23,FOXA1,IRF8,0.0039374036714434
M25,HOXB7,NR5A2,0.0038674613460898
M13,DMRTA1,HHEX,0.0038645884487777
M19,IRX5,ZNF382,0.0038375712465494
M24,HOXA6,IRX3,0.0037938668392598
M27,ZNF891,ZFP30,0.0037878728471696
M13,MLXIPL,FOXA1,0.0037760660052299
M23,SALL4,FOXA1,0.0037694405764341
M27,ETS1,ZNF821,0.0037547298707067
M3,ZNF875,ZSCAN9,0.0037533224094659
M15,ELF1,IRF2,0.0037523561622947
M15,ELF1,TWIST2,0.0037352382205426
M25,HOXB7,FOXJ1,0.0035034366883337
M8,ZNF675,ETS2,0.0034601604565978
M10,TFEB,IRF8,0.003436816856265
M25,TCF15,EBF1,0.0033960845321416
M19,IRX5,PURG,0.0032893447205424
M27,STAT6,ZFP30,0.0032730984967201
M25,HOXB6,STAT5A,0.0032643086742609
M19,IRX5,SOX2,0.0032636022660881
M24,HOXD10,HOXD11,0.0032475695479661
M10,ZNF662,TFEC,0.0032006793189793
M24,IRX3,HOXD9,0.0031951973214745
M25,TCF15,HOXB7,0.0031779389828443
M19,NR1H4,ZNF233,0.0031612964812666
M13,ZNF738,FOXA1,0.0031156209297478
M24,HOXD11,NR2F2,0.0030658247414976
M8,ZBTB32,MRTFA,0.0030611443798989
M15,FLI1,PLAGL1,0.0029918858781456
M6,MAFK,SALL4,0.0029911438468843
M18,MITF,ZNF430,0.0029450797010213
M25,TCF15,HOXB6,0.002868965268135
M8,ZNF10,ETS2,0.0028527230024337
M13,HHEX,FOXA1,0.0028107136022299
M15,PLAGL1,IRF2,0.0027783301193267
M27,THRB,ZFP30,0.002696264302358
M17,ZNF280D,GFI1,0.002683627884835
M21,GRHL2,FOXA3,0.0026822416111826
M27,STAT6,ZNF891,0.0026322766207158
M17,ZNF280D,ZNF888,0.002616795245558
M25,HOXB6,HOXB7,0.0025797185953706
M19,NR1H4,GATA5,0.0025551109574735
M24,HOXD10,HOXD9,0.0024900054559111
M22,E2F2,ZNF396,0.0023947446607053
M24,ZFP2,IRX3,0.0022877836599946
M9,ZNF569,ZBTB9,0.002238729270175
M24,IRX3,HOXD11,0.0020909018348902
M25,EBF1,FOXJ1,0.0020124106667935
M13,ZNF486,FOXA1,0.0018366808071732
M25,HOXB6,EBF1,0.0017599533312022
M25,EBF1,HOXB7,0.0017104696016758
M19,NR1H4,FOXD3,0.0016897107707336
M24,HOXD10,IRX3,0.0016647889278829
M27,ZFP30,FOXC2,0.0013715906534343
M25,ZNF738,HOXB7,0.0013592231553047
M25,EBF3,HOXB7,0.001076728454791
